index,Features,mean,mean-,mean+,cutoff,dividend_toggle
Details,"['ATR', 'Cash/sh', 'Book/sh', 'EPS (ttm)', 'P/FCF', 'Target Price']",0.101907794221987,0.0752697803383368,0.128545808105637,0.150893181227165,0
Details,"['Target Price', 'Prev Close', 'PEG', 'EPS next Q', 'EPS next Y', 'EPS (ttm)']",0.103537748713279,0.0612010345807622,0.145874462845796,0.177691806561831,0
Details,"['Cash/sh', 'EPS next Y', 'PEG', 'Book/sh', 'EPS (ttm)', 'Prev Close']",0.0912299983032618,0.058277887433607,0.124182109172917,0.167659217724461,0
Details,"['Book/sh', 'Cash/sh', 'Prev Close', 'EPS next Y', 'EPS next Q', 'EPS (ttm)']",0.0968049616391559,0.0605759098054981,0.133034013472814,0.175129200727376,0
Details,"['Target Price', 'Book/sh', 'Cash/sh', 'PEG', 'P/FCF']",0.10015739938091,0.0768426025362242,0.123472196225596,0.147214220599659,0
Details,"['Cash/sh', 'EPS (ttm)', 'Prev Close', 'EPS next Q', 'Target Price', 'EPS next Y']",0.0922699245900703,0.0585519986193963,0.125987850560744,0.173168752128257,0
Details,"['P/S', 'EPS next Y', 'Book/sh', 'Cash/sh', 'ATR', 'EPS (ttm)']",0.0937827123481126,0.0626604907500639,0.124904933946161,0.172050260509887,0
Details,"['Target Price', 'PEG', 'P/FCF', 'EPS next Y', 'Cash/sh', 'Book/sh']",0.103844015204841,0.0806508260915793,0.127037204318103,0.14154649088329,0
Details,"['ATR', 'Target Price', 'Book/sh', 'Cash/sh', 'P/FCF', 'EPS next Y']",0.0956448899779999,0.0725346997508483,0.118755080205151,0.161182920878497,0
Details,"['Book/sh', 'P/FCF', 'Cash/sh', 'Target Price', 'ATR', 'EPS (ttm)']",0.107462097555476,0.0823509131549723,0.132573281955979,0.152215723926955,0
Details,"['Cash/sh', 'EPS next Y', 'P/S', 'P/FCF', 'EPS (ttm)', 'Target Price']",0.0967141540817579,0.0700389933557425,0.123389314807773,0.148066888264245,0
Details,"['Book/sh', 'P/S', 'EPS next Q', 'PEG', 'EPS next Y', 'P/B']",0.0959080603768955,0.0707802276558979,0.121035893097893,0.169616214689978,0
Details,"['Prev Close', 'P/B', 'EPS next Y', 'P/FCF', 'ATR', 'Cash/sh']",0.0951487153353041,0.0588710242831715,0.131426406387437,0.15856076640313,0
Details,"['Prev Close', 'EPS next Q', 'Target Price', 'EPS next Y', 'Cash/sh']",0.103067031284308,0.0638838580486066,0.14225020452001,0.17204460807651,0
Details,"['EPS next Q', 'EPS (ttm)', 'Cash/sh', 'Book/sh', 'ATR', 'P/FCF']",0.0902802710291359,0.0599643751633411,0.120596166894931,0.17076520975249,0
Details,"['EPS (ttm)', 'Cash/sh', 'ATR', 'EPS next Q', 'Prev Close', 'P/B']",0.100380619217511,0.0725915370644952,0.128169701370528,0.180348496663336,0
Details,"['EPS (ttm)', 'PEG', 'P/B', 'Book/sh', 'ATR', 'Cash/sh']",0.0965206353664544,0.0765865465472218,0.116454724185687,0.183924829880646,0
Details,"['PEG', 'Cash/sh', 'P/B', 'Book/sh', 'P/FCF']",0.0919550976927446,0.0686793995890087,0.115230795796481,0.148117676264957,0
Details,"['EPS next Q', 'Target Price', 'P/FCF', 'Cash/sh', 'PEG', 'P/S']",0.091520911352567,0.0650733064879241,0.11796851621721,0.144463372542646,0
Details,"['EPS next Y', 'EPS (ttm)', 'P/S', 'Target Price', 'ATR', 'PEG']",0.100945950036339,0.0786546761162553,0.123237223956423,0.167175025956818,0
Details,"['EPS (ttm)', 'P/FCF', 'Book/sh', 'Cash/sh', 'Target Price', 'EPS next Y']",0.101104248939978,0.0791598104852255,0.12304868739473,0.141309827960065,0
Details,"['Target Price', 'P/FCF', 'Cash/sh', 'EPS next Q', 'Prev Close']",0.107771595226714,0.068085907241336,0.147457283212093,0.159422970842922,0
Details,"['Cash/sh', 'Target Price', 'Book/sh', 'EPS next Y', 'EPS (ttm)', 'P/FCF']",0.103056520777676,0.0774367310262315,0.12867631052912,0.144484105831355,0
Details,"['P/S', 'Target Price', 'ATR', 'Cash/sh', 'EPS next Y', 'EPS (ttm)']",0.0918065183269215,0.0680233157927459,0.115589720861097,0.16896103713016,0
Details,"['EPS next Y', 'EPS next Q', 'P/S', 'ATR', 'Cash/sh', 'Target Price']",0.0903229860829784,0.0596532319395967,0.12099274022636,0.161622956017982,0
Details,"['EPS next Y', 'P/B', 'Book/sh', 'Cash/sh', 'ATR', 'EPS (ttm)']",0.0944635000643296,0.0718085509103627,0.117118449218297,0.184373274497391,0
Details,"['Cash/sh', 'Book/sh', 'P/FCF', 'ATR', 'P/B', 'EPS next Q']",0.0976239349877591,0.0741716142477729,0.121076255727745,0.178298478299187,0
Details,"['Prev Close', 'Book/sh', 'P/FCF', 'ATR', 'EPS next Q', 'EPS (ttm)']",0.0994343524415927,0.0657190875432526,0.133149617339933,0.150917263508309,0
Details,"['ATR', 'EPS next Q', 'Cash/sh', 'Target Price', 'EPS next Y', 'P/S']",0.0987588127280949,0.0717636382649334,0.125753987191256,0.166536805684145,0
Details,"['Book/sh', 'PEG', 'ATR', 'EPS next Y', 'Cash/sh', 'EPS next Q']",0.0977593871729404,0.0704869645307407,0.12503180981514,0.170950338324196,0
Details,"['EPS (ttm)', 'Cash/sh', 'EPS next Q', 'Book/sh', 'ATR', 'EPS next Y']",0.0976720379537243,0.0716807592288499,0.123663316678599,0.168834021854065,0
Details,"['EPS next Y', 'Book/sh', 'Target Price', 'Cash/sh', 'EPS (ttm)', 'EPS next Q']",0.102729184126496,0.0768602851797934,0.128598083073199,0.188858831500793,0
Details,"['EPS next Y', 'Book/sh', 'EPS next Q', 'Target Price', 'Cash/sh', 'EPS (ttm)']",0.103725286331091,0.0795819613350159,0.127868611327166,0.188141221264748,0
Details,"['Book/sh', 'EPS (ttm)', 'ATR', 'P/B', 'PEG', 'Cash/sh']",0.1020018843403,0.0755211878647231,0.128482580815876,0.183418961367066,0
Details,"['ATR', 'Book/sh', 'Cash/sh', 'P/B', 'P/S']",0.093105339900984,0.0677134500060351,0.118497229795933,0.168624496080049,0
Details,"['P/B', 'ATR', 'Cash/sh', 'EPS next Q', 'P/FCF', 'Book/sh']",0.101148228608084,0.0754254277285258,0.126871029487642,0.173746347450383,0
Details,"['Book/sh', 'PEG', 'EPS next Y', 'P/S', 'ATR', 'Target Price']",0.0986202194923033,0.0715984608514506,0.125641978133156,0.154921350636663,0
Details,"['EPS (ttm)', 'Book/sh', 'ATR', 'P/B', 'EPS next Y', 'EPS next Q']",0.0944382518626925,0.0706230901202519,0.118253413605133,0.176054303865023,0
Details,"['P/B', 'Cash/sh', 'ATR', 'EPS next Y', 'PEG', 'Prev Close']",0.102589100457818,0.0696033491070175,0.135574851808619,0.171160824797337,0
Details,"['Book/sh', 'EPS (ttm)', 'Cash/sh', 'P/FCF', 'ATR', 'EPS next Q']",0.108653051821102,0.0705466936829671,0.146759409959237,0.164775533115964,0
Details,"['Cash/sh', 'Prev Close', 'Target Price', 'Book/sh', 'P/FCF', 'PEG']",0.0960967135434352,0.0671656660098362,0.125027761077034,0.110123990234677,0
Details,"['EPS next Y', 'EPS (ttm)', 'Target Price', 'P/S', 'ATR']",0.105993373793651,0.0728126363296503,0.139174111257651,0.167661762579273,0
Details,"['EPS (ttm)', 'Cash/sh', 'EPS next Q', 'EPS next Y', 'Book/sh', 'P/B']",0.103149028192763,0.0792350214863105,0.127063034899216,0.182028688074592,0
Details,"['Target Price', 'EPS next Y', 'P/FCF', 'ATR', 'EPS (ttm)', 'Cash/sh']",0.0914856036857239,0.0537757827974976,0.12919542457395,0.155312497914247,0
Details,"['EPS (ttm)', 'EPS next Q', 'Prev Close', 'Target Price', 'EPS next Y', 'Book/sh']",0.101106912944141,0.057848401962579,0.144365423925703,0.169086134776686,0
Details,"['Cash/sh', 'EPS (ttm)', 'Book/sh', 'PEG', 'Target Price', 'EPS next Q']",0.0928548764227562,0.070571294173101,0.115138458672411,0.168721280036149,0
Details,"['Cash/sh', 'EPS (ttm)', 'Target Price', 'P/FCF', 'Book/sh']",0.0965386020489347,0.0735399139280489,0.11953729016982,0.136654697807004,0
Details,"['PEG', 'Cash/sh', 'ATR', 'P/FCF', 'EPS next Q', 'Book/sh']",0.0952358315783817,0.0640020322208408,0.126469630935923,0.169146773557022,0
Details,"['ATR', 'P/FCF', 'PEG', 'Book/sh', 'Cash/sh', 'P/B']",0.0983770850921824,0.0749867213487007,0.121767448835664,0.173294597549576,0
Details,"['P/FCF', 'Prev Close', 'Target Price', 'P/B', 'EPS next Q']",0.0928634843716422,0.0589034418436074,0.126823526899677,0.141202791226671,0
Details,"['EPS next Q', 'P/S', 'P/B', 'ATR', 'PEG', 'Target Price']",0.0915879203868157,0.05629707982944,0.126878760944191,0.156110753315481,0
Details,"['Cash/sh', 'P/B', 'EPS next Y', 'P/S', 'Book/sh', 'ATR']",0.104547992039546,0.0757883873704644,0.133307596708627,0.163106697437543,0
Details,"['EPS next Y', 'Target Price', 'P/B', 'Prev Close', 'EPS (ttm)', 'EPS next Q']",0.105199576181405,0.0580022479567775,0.152396904406033,0.158272362106149,0
Details,"['PEG', 'EPS next Y', 'P/FCF', 'Target Price', 'ATR', 'Prev Close']",0.0917317483861254,0.0568872096585988,0.126576287113652,0.164385345165453,0
Details,"['PEG', 'ATR', 'Cash/sh', 'EPS next Y', 'Prev Close', 'EPS (ttm)']",0.101393629338566,0.0751079987861609,0.127679259890971,0.16812326957291,0
Details,"['ATR', 'P/FCF', 'EPS next Y', 'Cash/sh', 'Target Price', 'PEG']",0.110319211868969,0.075089492768153,0.145548930969785,0.161466830057747,0
Details,"['P/S', 'Cash/sh', 'Target Price', 'EPS (ttm)', 'Book/sh']",0.0996676272949047,0.0742182068807812,0.125117047709028,0.15554586411762,0
Details,"['EPS next Q', 'ATR', 'EPS next Y', 'Target Price', 'P/S', 'EPS (ttm)']",0.117287045738295,0.0790384010823433,0.155535690394247,0.165181866595641,0
Details,"['EPS next Y', 'Prev Close', 'EPS next Q', 'Target Price', 'EPS (ttm)', 'P/S']",0.0935428463775223,0.0533674999716233,0.133718192783421,0.150076804053455,0
Details,"['EPS next Q', 'Cash/sh', 'PEG', 'EPS (ttm)', 'Target Price', 'P/FCF']",0.0996575708191513,0.0634300467570945,0.135885094881208,0.155302489828805,0
Details,"['P/FCF', 'Cash/sh', 'Book/sh', 'EPS (ttm)', 'Target Price', 'EPS next Y']",0.0970044033991491,0.0699198595164321,0.124088947281866,0.143864365828171,0
Details,"['Target Price', 'PEG', 'Prev Close', 'EPS next Y', 'EPS (ttm)', 'P/S']",0.0977331725448153,0.0546619220552048,0.140804423034426,0.151660407350731,0
Details,"['Book/sh', 'ATR', 'Cash/sh', 'EPS (ttm)', 'EPS next Y', 'Prev Close']",0.0951275620761092,0.0676177658645586,0.12263735828766,0.176656838148233,0
Details,"['P/S', 'Cash/sh', 'ATR', 'Book/sh', 'P/B', 'EPS next Y']",0.106945148381996,0.0753932299022193,0.138497066861773,0.168766244597413,0
Details,"['Cash/sh', 'EPS next Q', 'P/S', 'Target Price', 'ATR', 'EPS (ttm)']",0.116147250253122,0.0889104760048485,0.143384024501395,0.171336855669274,0
Details,"['P/FCF', 'ATR', 'Book/sh', 'EPS next Y', 'Target Price', 'EPS (ttm)']",0.0940558152145506,0.0684997033034887,0.119611927125613,0.157489923168215,0
Details,"['Cash/sh', 'Prev Close', 'Book/sh', 'P/FCF', 'ATR', 'EPS next Q']",0.0951060456315332,0.0636941816520369,0.126517909611029,0.161699839041608,0
Details,"['Prev Close', 'Cash/sh', 'P/FCF', 'Book/sh', 'PEG', 'EPS next Y']",0.116302711116599,0.0818092678127592,0.150796154420439,0.1528548819747,0
Details,"['EPS next Q', 'EPS next Y', 'Cash/sh', 'P/FCF', 'Target Price', 'Prev Close']",0.0938485594617698,0.0559703415420138,0.131726777381526,0.147426191210557,0
Details,"['P/S', 'Target Price', 'EPS next Q', 'EPS next Y', 'PEG', 'EPS (ttm)']",0.0929951892018679,0.0683803499331578,0.117610028470578,0.172348528522754,0
Details,"['Cash/sh', 'EPS next Q', 'ATR', 'EPS next Y', 'P/S', 'Target Price']",0.105177929748889,0.0774441817191348,0.132911677778643,0.1656043541988,0
Details,"['Cash/sh', 'PEG', 'Book/sh', 'P/FCF', 'EPS next Y']",0.0965903481056294,0.0616939146214335,0.131486781589825,0.157037114314125,0
Details,"['Cash/sh', 'Prev Close', 'Book/sh', 'ATR', 'EPS next Y']",0.112285611806172,0.0768276350237123,0.147743588588633,0.178814080091794,0
Details,"['PEG', 'Prev Close', 'Cash/sh', 'Target Price', 'P/S', 'EPS next Q']",0.0965684072015284,0.0586206470442188,0.134516167358838,0.146035234167481,0
Details,"['Prev Close', 'P/B', 'ATR', 'EPS next Y', 'Cash/sh', 'P/FCF']",0.0958725121662605,0.0689916028687058,0.122753421463815,0.162325951648227,0
Details,"['PEG', 'Book/sh', 'ATR', 'EPS next Y', 'Cash/sh', 'P/FCF']",0.116614500229044,0.0826911242940147,0.150537876164073,0.15612363528025,0
Details,"['PEG', 'Book/sh', 'EPS next Y', 'Cash/sh', 'P/FCF', 'Prev Close']",0.114360461813378,0.0799880562747147,0.148732867352041,0.143622936763257,0
Details,"['EPS (ttm)', 'Target Price', 'EPS next Y', 'P/FCF', 'Book/sh']",0.0911695168221626,0.0677786945503616,0.114560339093964,0.151901345459302,0
Details,"['Book/sh', 'EPS next Y', 'P/FCF', 'PEG', 'P/B', 'Cash/sh']",0.115443042924824,0.087197736667269,0.143688349182379,0.157280193076135,0
Details,"['EPS next Y', 'Cash/sh', 'P/FCF', 'Book/sh', 'Prev Close', 'EPS (ttm)']",0.113035043684676,0.0767308465369811,0.149339240832371,0.144920134357967,0
Details,"['Target Price', 'Book/sh', 'Cash/sh', 'EPS next Y', 'ATR', 'P/FCF']",0.0950650120489272,0.0704945604576274,0.119635463640227,0.145586791744426,0
Details,"['Target Price', 'Cash/sh', 'P/FCF', 'Book/sh', 'EPS (ttm)', 'EPS next Y']",0.107558242394583,0.0806305192639478,0.134485965525219,0.143147361192152,0
Details,"['Cash/sh', 'EPS next Y', 'Book/sh', 'ATR', 'Prev Close', 'EPS next Q']",0.0978472108485512,0.067709721074157,0.127984700622945,0.178954968441408,0
Details,"['EPS next Y', 'P/S', 'Target Price', 'EPS next Q', 'EPS (ttm)', 'Book/sh']",0.0974788304558592,0.0762943529871703,0.118663307924548,0.161484748254169,0
Details,"['Target Price', 'Cash/sh', 'Book/sh', 'P/S', 'PEG', 'EPS next Y']",0.0985813134749873,0.0656737335138439,0.131488893436131,0.152960805782072,0
Details,"['EPS next Y', 'Cash/sh', 'P/FCF', 'Target Price', 'EPS (ttm)', 'Book/sh']",0.107309256269318,0.081678078658429,0.132940433880206,0.146568177159488,0
Details,"['EPS (ttm)', 'Target Price', 'Cash/sh', 'Book/sh', 'EPS next Q', 'EPS next Y']",0.0985799930535468,0.0734225073488391,0.123737478758254,0.18425163081239,0
Details,"['Cash/sh', 'Target Price', 'P/FCF', 'EPS (ttm)', 'EPS next Q', 'EPS next Y']",0.0927908802463706,0.0605414870728709,0.12504027341987,0.155333844872836,0
Details,"['EPS next Q', 'Prev Close', 'ATR', 'Cash/sh', 'P/B']",0.0971034964080569,0.0646331715093969,0.129573821306717,0.171034603141671,0
Details,"['EPS (ttm)', 'ATR', 'Cash/sh', 'P/B', 'EPS next Y', 'Book/sh']",0.0903396099791725,0.0675799639386842,0.113099256019661,0.183516355580056,0
Details,"['ATR', 'Book/sh', 'P/FCF', 'EPS next Q', 'Cash/sh', 'Prev Close']",0.110281208328308,0.0762391087803843,0.144323307876232,0.153123260275547,0
Details,"['Cash/sh', 'Book/sh', 'ATR', 'Prev Close', 'EPS (ttm)', 'EPS next Q']",0.107570283795842,0.0774922098067012,0.137648357784982,0.184454643789444,0
Details,"['Cash/sh', 'PEG', 'P/FCF', 'P/S', 'Book/sh']",0.0967561419538218,0.064306284906047,0.129205999001597,0.151757744721294,0
Details,"['ATR', 'EPS next Q', 'Cash/sh', 'Target Price', 'PEG', 'P/FCF']",0.107836473029934,0.0717546298568432,0.143918316203025,0.15444252434836,0
Details,"['EPS next Q', 'P/FCF', 'Prev Close', 'ATR', 'Target Price', 'EPS (ttm)']",0.0933647981255673,0.0504331160376879,0.136296480213447,0.157291011791087,0
Details,"['EPS next Q', 'PEG', 'Target Price', 'ATR', 'Book/sh', 'EPS next Y']",0.0948567995286657,0.0626790970241741,0.127034502033157,0.177676218631376,0
Details,"['EPS next Y', 'Book/sh', 'P/FCF', 'PEG', 'ATR', 'Cash/sh']",0.112088778963163,0.0786009669829754,0.14557659094335,0.168126202461933,0
Details,"['PEG', 'Cash/sh', 'Target Price', 'Prev Close', 'EPS next Q', 'ATR']",0.0968206738479413,0.0553189958128773,0.138322351883005,0.170865463174408,0
Details,"['EPS (ttm)', 'Book/sh', 'Cash/sh', 'EPS next Q', 'P/FCF', 'Prev Close']",0.0951173049634774,0.0658210407368371,0.124413569190118,0.160266981870453,0
Details,"['EPS (ttm)', 'Book/sh', 'Cash/sh', 'P/B', 'P/FCF']",0.108577042385381,0.0807203915322734,0.136433693238489,0.166533320747795,0
Details,"['Cash/sh', 'Book/sh', 'P/B', 'P/FCF', 'EPS (ttm)', 'PEG']",0.109267190796154,0.0832458788410267,0.135288502751281,0.163497674001145,0
Details,"['Book/sh', 'Prev Close', 'Cash/sh', 'P/B', 'EPS next Y', 'EPS (ttm)']",0.0918775827435546,0.064741847656511,0.119013317830598,0.171121255223536,0
Details,"['PEG', 'Cash/sh', 'EPS (ttm)', 'Target Price', 'ATR', 'P/FCF']",0.0988624252655003,0.0626988949980609,0.13502595553294,0.154243102372299,0
Details,"['EPS (ttm)', 'EPS next Y', 'PEG', 'Book/sh', 'P/B', 'Cash/sh']",0.102899842287956,0.0779053534622207,0.127894331113692,0.180696669643954,0
Details,"['Prev Close', 'EPS next Q', 'EPS next Y', 'Target Price', 'ATR', 'Cash/sh']",0.0995522147532053,0.0650913257328065,0.134013103773604,0.180616572618115,0
Details,"['Cash/sh', 'EPS next Q', 'Book/sh', 'ATR', 'P/FCF', 'EPS (ttm)']",0.0903566451949153,0.061190195338347,0.119523095051484,0.159574863840012,0
Details,"['Target Price', 'PEG', 'EPS next Q', 'P/FCF', 'Book/sh', 'ATR']",0.0917009024289733,0.0678682852503257,0.115533519607621,0.140973100684958,0
Details,"['EPS next Y', 'Book/sh', 'PEG', 'P/S', 'Cash/sh', 'P/FCF']",0.0926129933738329,0.0657544204376145,0.119471566310051,0.14795847841422,0
Details,"['EPS next Q', 'Book/sh', 'Cash/sh', 'EPS (ttm)', 'ATR', 'Prev Close']",0.120031177792378,0.0791186474811116,0.160943708103645,0.176235522110678,0
Details,"['Cash/sh', 'ATR', 'EPS next Y', 'Book/sh', 'P/B', 'Prev Close']",0.104069891810421,0.0736490070613226,0.13449077655952,0.167604171362188,0
Details,"['Cash/sh', 'P/FCF', 'Book/sh', 'Target Price', 'EPS (ttm)', 'EPS next Q']",0.113717938907006,0.0884090890732284,0.139026788740785,0.149017487160466,0
Details,"['EPS (ttm)', 'P/S', 'P/FCF', 'Book/sh', 'ATR', 'Cash/sh']",0.094928141998535,0.0601910861233209,0.129665197873749,0.156059251664017,0
Details,"['P/FCF', 'Target Price', 'Prev Close', 'P/S', 'EPS next Q', 'Cash/sh']",0.0917075211664534,0.0621840735232478,0.121230968809659,0.127149367934013,0
Details,"['Prev Close', 'ATR', 'Cash/sh', 'P/B', 'P/FCF', 'EPS next Y']",0.0908448447045802,0.0621548647163903,0.11953482469277,0.169437309320891,0
Details,"['EPS next Q', 'P/FCF', 'Prev Close', 'EPS next Y', 'Cash/sh', 'Book/sh']",0.113660451404567,0.0798699446417811,0.147450958167352,0.159399168067308,0
Details,"['Prev Close', 'P/FCF', 'EPS next Y', 'EPS (ttm)', 'Book/sh', 'EPS next Q']",0.095685821336961,0.0584410510561624,0.13293059161776,0.157750861014905,0
Details,"['ATR', 'PEG', 'EPS next Y', 'P/FCF', 'Prev Close', 'Cash/sh']",0.0919958411596283,0.0591345082358393,0.124857174083417,0.167127693849195,0
Details,"['ATR', 'Book/sh', 'Prev Close', 'Cash/sh', 'EPS next Y']",0.097383263414264,0.0712355590362192,0.123530967792309,0.177999551532598,0
Details,"['PEG', 'Target Price', 'EPS next Y', 'ATR', 'P/S', 'Cash/sh']",0.0942108203007706,0.0688385053986979,0.119583135202843,0.153814489599673,0
Details,"['Target Price', 'EPS next Q', 'EPS next Y', 'P/FCF', 'Book/sh', 'Cash/sh']",0.103548273595475,0.0775423771621817,0.129554170028769,0.163146149825513,0
Details,"['EPS next Y', 'Target Price', 'Prev Close', 'Cash/sh', 'PEG', 'ATR']",0.0985833949497353,0.0578486399042011,0.139318149995269,0.16147950171355,0
Details,"['EPS (ttm)', 'ATR', 'Cash/sh', 'EPS next Q', 'PEG', 'Target Price']",0.102865037155877,0.0745993335916754,0.131130740720078,0.175725618317807,0
Details,"['EPS (ttm)', 'Book/sh', 'P/S', 'EPS next Y', 'Target Price', 'ATR']",0.113311307542495,0.0777336134572858,0.148889001627704,0.163182819371793,0
Details,"['P/FCF', 'Book/sh', 'PEG', 'Prev Close', 'EPS next Y', 'EPS next Q']",0.115588253120024,0.0795221882598913,0.151654317980158,0.152597359087428,0
Details,"['EPS next Q', 'P/FCF', 'Prev Close', 'EPS (ttm)', 'Book/sh', 'PEG']",0.0915294844767089,0.0608069425822919,0.122252026371126,0.150066690023115,0
Details,"['ATR', 'EPS next Y', 'P/B', 'EPS next Q', 'Book/sh', 'P/S']",0.0963369722677608,0.0737406907433489,0.118933253792173,0.165781035950419,0
Details,"['ATR', 'P/FCF', 'Prev Close', 'EPS next Q', 'Book/sh', 'Cash/sh']",0.107462033404444,0.0727079893065853,0.142216077502302,0.168065191750009,0
Details,"['P/FCF', 'EPS next Q', 'Cash/sh', 'Book/sh', 'Target Price', 'EPS (ttm)']",0.097312911172459,0.0679294838824241,0.126696338462494,0.152236481479971,0
Details,"['Prev Close', 'Cash/sh', 'ATR', 'P/FCF', 'EPS next Y', 'Book/sh']",0.107578636798902,0.0715951846993893,0.143562088898414,0.156224329130425,0
Details,"['P/FCF', 'Book/sh', 'EPS next Y', 'Cash/sh', 'Prev Close', 'EPS next Q']",0.110718132826621,0.0753775278323322,0.14605873782091,0.158009188793369,0
Details,"['Target Price', 'ATR', 'EPS next Y', 'EPS next Q', 'P/S', 'EPS (ttm)']",0.0994576917491438,0.0714741294930629,0.127441254005225,0.168472918639282,0
Details,"['Book/sh', 'EPS next Y', 'P/FCF', 'EPS next Q', 'EPS (ttm)', 'Cash/sh']",0.106423094984223,0.0747288944875626,0.138117295480884,0.162052583946498,0
Details,"['P/FCF', 'Target Price', 'EPS next Y', 'EPS next Q', 'Book/sh', 'Cash/sh']",0.0946408160703328,0.070825388136538,0.118456244004128,0.163852006620921,0
Details,"['Target Price', 'EPS next Y', 'EPS (ttm)', 'Prev Close', 'PEG', 'EPS next Q']",0.0974183042579565,0.0651528410706461,0.129683767445267,0.163000716049117,0
Details,"['Cash/sh', 'EPS next Y', 'PEG', 'P/FCF', 'Target Price', 'P/S']",0.0921152276413514,0.0615215821147806,0.122708873167922,0.149815395519905,0
Details,"['Book/sh', 'Target Price', 'Cash/sh', 'EPS (ttm)', 'P/FCF', 'EPS next Q']",0.113875467550923,0.0880299557572543,0.139720979344591,0.149513907152133,0
Details,"['Book/sh', 'EPS (ttm)', 'P/FCF', 'P/B', 'Cash/sh', 'PEG']",0.0951021561350396,0.0691167992454799,0.121087513024599,0.146263727493433,0
Details,"['EPS next Y', 'Book/sh', 'Target Price', 'PEG', 'P/S', 'ATR']",0.0966150954796212,0.0678871410367783,0.125343049922464,0.156720564626421,0
Details,"['EPS next Y', 'EPS (ttm)', 'ATR', 'Target Price', 'P/S', 'Cash/sh']",0.100765984755035,0.0711266066771303,0.13040536283294,0.167861120756067,0
Details,"['P/FCF', 'P/S', 'EPS next Y', 'PEG', 'Book/sh', 'ATR']",0.0911984887269972,0.0539398446635435,0.128457132790451,0.162714783751134,0
Details,"['P/B', 'Book/sh', 'EPS next Y', 'Cash/sh', 'EPS (ttm)', 'PEG']",0.0918658098215365,0.0723952140321256,0.111336405610948,0.18300523263314,0
Details,"['P/FCF', 'Cash/sh', 'Target Price', 'ATR', 'EPS (ttm)', 'EPS next Q']",0.106215597393351,0.0756731673228947,0.136758027463806,0.15512793697484,0
Details,"['Prev Close', 'ATR', 'P/B', 'Target Price', 'EPS next Q', 'EPS next Y']",0.0955198672574428,0.0669893914084298,0.124050343106456,0.159039863670543,0
Details,"['P/S', 'ATR', 'EPS next Y', 'Target Price', 'Cash/sh', 'PEG']",0.115983905959033,0.0847529595739601,0.147214852344106,0.166617215336779,0
Details,"['P/FCF', 'EPS next Y', 'PEG', 'P/S', 'Target Price']",0.094940995003881,0.0650844537945624,0.1247975362132,0.151614079392713,0
Details,"['Prev Close', 'Cash/sh', 'EPS next Q', 'Target Price', 'EPS next Y', 'ATR']",0.113597052856329,0.072462269976327,0.154731835736331,0.174599751219104,0
Details,"['EPS next Q', 'P/FCF', 'ATR', 'PEG', 'Cash/sh', 'Book/sh']",0.102236198915529,0.0711362997242744,0.133336098106783,0.162589899587772,0
Details,"['Cash/sh', 'EPS next Y', 'ATR', 'EPS next Q', 'Target Price', 'P/S']",0.103706262451678,0.0742689331413589,0.133143591761998,0.164958765881549,0
Details,"['EPS next Q', 'P/FCF', 'Book/sh', 'P/B', 'ATR', 'Cash/sh']",0.0930792566789598,0.0688145648135659,0.117343948544354,0.18375233856212,0
Details,"['EPS next Y', 'Book/sh', 'P/B', 'Prev Close', 'ATR', 'Cash/sh']",0.111398652692427,0.0838220313555767,0.138975274029277,0.171352310357778,0
Details,"['EPS next Y', 'Cash/sh', 'ATR', 'Prev Close', 'P/B', 'EPS next Q']",0.092382827712473,0.0635131354589068,0.121252519966039,0.173158276373517,0
Details,"['Cash/sh', 'Book/sh', 'P/S', 'P/FCF', 'EPS next Y']",0.0933214369846203,0.0592177869690659,0.127425087000175,0.167255626270492,0
Details,"['EPS (ttm)', 'Cash/sh', 'P/B', 'Book/sh', 'P/FCF', 'EPS next Q']",0.104418986476732,0.0807333800848947,0.128104592868569,0.163021071276058,0
Details,"['Cash/sh', 'ATR', 'EPS (ttm)', 'Book/sh', 'EPS next Y', 'P/B']",0.11145306932922,0.0878547563171259,0.135051382341314,0.186858755046594,0
Details,"['EPS (ttm)', 'Target Price', 'Prev Close', 'Cash/sh', 'P/FCF', 'EPS next Y']",0.100262934773518,0.0595578784486196,0.140967991098417,0.14537201657938,0
Details,"['Book/sh', 'Prev Close', 'Cash/sh', 'P/FCF', 'ATR']",0.091903285383981,0.0602341347374844,0.123572436030478,0.153634923159115,0
Details,"['P/S', 'P/B', 'Book/sh', 'Cash/sh', 'EPS next Y', 'ATR']",0.090506036478343,0.0677080418627558,0.11330403109393,0.164011277236443,0
Details,"['Target Price', 'EPS next Q', 'PEG', 'EPS (ttm)', 'EPS next Y', 'Cash/sh']",0.131319116067881,0.0892203828908563,0.173417849244906,0.178678627447697,0
Details,"['EPS next Y', 'Book/sh', 'P/S', 'EPS next Q', 'P/B', 'Cash/sh']",0.097095627541883,0.0742655490488741,0.119925706034892,0.173428835188654,0
Details,"['Cash/sh', 'ATR', 'Book/sh', 'P/FCF', 'EPS (ttm)', 'Target Price']",0.0972060944653528,0.073348747278107,0.121063441652599,0.142010401051635,0
Details,"['Cash/sh', 'P/B', 'ATR', 'PEG', 'Book/sh', 'EPS next Y']",0.109320721147174,0.0809995938473591,0.13764184844699,0.175841117290923,0
Details,"['EPS next Q', 'Cash/sh', 'EPS next Y', 'ATR', 'P/FCF', 'Book/sh']",0.0982577796386764,0.070916752790521,0.125598806486832,0.169748213936603,0
Details,"['Prev Close', 'ATR', 'EPS next Q', 'P/FCF', 'EPS next Y', 'Target Price']",0.106104434894601,0.0657031350173215,0.146505734771881,0.150439367116514,0
Details,"['PEG', 'Book/sh', 'ATR', 'Cash/sh', 'EPS next Q', 'P/FCF']",0.120583152328975,0.082456455281611,0.158709849376339,0.166015651880288,0
Details,"['P/FCF', 'EPS (ttm)', 'Cash/sh', 'EPS next Q', 'Target Price', 'Book/sh']",0.118916257233452,0.0930107453039736,0.144821769162931,0.148506681864086,0
Details,"['PEG', 'P/B', 'EPS (ttm)', 'Cash/sh', 'P/FCF', 'Book/sh']",0.118335888059338,0.0923969977230312,0.144274778395645,0.155566488261559,0
Details,"['Cash/sh', 'PEG', 'Book/sh', 'EPS next Y', 'Prev Close', 'P/FCF']",0.11355239302019,0.0799629423695671,0.147141843670813,0.156825114969475,0
Details,"['ATR', 'P/B', 'Cash/sh', 'P/FCF', 'Book/sh', 'EPS next Q']",0.111512906977002,0.0844222562742432,0.138603557679761,0.176179652043918,0
Details,"['P/B', 'ATR', 'Prev Close', 'Cash/sh', 'EPS next Y', 'Book/sh']",0.105140235254111,0.078251836919974,0.132028633588248,0.175906669492469,0
Details,"['Book/sh', 'Cash/sh', 'PEG', 'P/FCF', 'EPS next Y', 'ATR']",0.117676661164815,0.0830626331517315,0.152290689177899,0.16846064553805,0
Details,"['EPS (ttm)', 'P/S', 'Book/sh', 'EPS next Y', 'Target Price', 'Cash/sh']",0.102959368490746,0.0818100216919917,0.124108715289501,0.150890742893487,0
Details,"['P/FCF', 'PEG', 'P/S', 'EPS next Y', 'Book/sh', 'Cash/sh']",0.114720001657479,0.0746300122656711,0.154809991049287,0.144383258983788,0
Details,"['P/B', 'EPS next Q', 'ATR', 'P/S', 'Cash/sh', 'Book/sh']",0.0940895000218169,0.0723540842525327,0.115824915791101,0.169340004364667,0
Details,"['P/B', 'Book/sh', 'PEG', 'P/FCF', 'Cash/sh', 'ATR']",0.109375634059173,0.0849056407982406,0.133845627320106,0.163368113671833,0
Details,"['EPS (ttm)', 'Cash/sh', 'P/S', 'EPS next Q', 'Target Price', 'EPS next Y']",0.119497536658762,0.0883543271619597,0.150640746155564,0.170214162533266,0
Details,"['ATR', 'EPS (ttm)', 'EPS next Q', 'PEG', 'Target Price', 'EPS next Y']",0.106430639274241,0.0786150276870891,0.134246250861392,0.172855163346592,0
Details,"['Cash/sh', 'PEG', 'Target Price', 'ATR', 'EPS next Y']",0.113298637062238,0.0822975880975641,0.144299686026913,0.175289097056739,0
Details,"['Cash/sh', 'PEG', 'Target Price', 'Prev Close', 'ATR', 'EPS next Y']",0.117150450356738,0.0751336898497118,0.159167210863765,0.156319081737279,0
Details,"['Prev Close', 'P/FCF', 'PEG', 'Book/sh', 'EPS next Q', 'Cash/sh']",0.108434047113109,0.076643645383052,0.140224448843166,0.150427616468074,0
Details,"['PEG', 'EPS (ttm)', 'Cash/sh', 'Target Price', 'ATR', 'EPS next Q']",0.0927729968276333,0.0633013552398495,0.122244638415417,0.181424441840777,0
Details,"['EPS next Q', 'ATR', 'Book/sh', 'EPS (ttm)', 'P/FCF', 'Prev Close']",0.101469001988682,0.0722732534872598,0.130664750490104,0.154068145564421,0
Details,"['Target Price', 'Prev Close', 'P/S', 'PEG', 'Cash/sh']",0.0902767136108868,0.0615071493717075,0.119046277850066,0.156142380908074,0
Details,"['Target Price', 'P/FCF', 'EPS next Q', 'P/B', 'PEG', 'EPS next Y']",0.105904965131853,0.0811914177874942,0.130618512476212,0.148316862101543,0
Details,"['EPS next Q', 'Cash/sh', 'P/FCF', 'PEG', 'EPS next Y', 'Target Price']",0.096554755457931,0.0744216775469395,0.118687833368923,0.149914796842716,0
Details,"['EPS (ttm)', 'ATR', 'Cash/sh', 'EPS next Q', 'EPS next Y', 'Target Price']",0.099087871399767,0.0647930083672129,0.133382734432321,0.17437225467337,0
Details,"['EPS next Y', 'EPS (ttm)', 'Prev Close', 'EPS next Q', 'Book/sh', 'Cash/sh']",0.108440975694096,0.0819296043172919,0.134952347070901,0.176022360442885,0
Details,"['Target Price', 'Cash/sh', 'P/S', 'ATR', 'EPS next Q', 'EPS next Y']",0.113229575432109,0.0775744676476109,0.148884683216606,0.160167580034387,0
Details,"['PEG', 'Target Price', 'Prev Close', 'ATR', 'EPS (ttm)', 'Cash/sh']",0.105800532681011,0.065688405199087,0.145912660162935,0.182851909393728,0
Details,"['P/FCF', 'Book/sh', 'PEG', 'EPS next Q', 'Cash/sh', 'ATR']",0.0914154785570406,0.0620648601307567,0.120766096983325,0.17280919263288,0
Details,"['EPS next Q', 'Book/sh', 'Cash/sh', 'EPS next Y', 'Target Price', 'EPS (ttm)']",0.100071079198444,0.0781313912346496,0.122010767162238,0.181757818222025,0
Details,"['EPS (ttm)', 'Target Price', 'Cash/sh', 'EPS next Q', 'P/S', 'EPS next Y']",0.0923396702555883,0.0664731408609971,0.118206199650179,0.167095471791649,0
Details,"['EPS next Q', 'P/FCF', 'ATR', 'Cash/sh', 'P/B', 'Prev Close']",0.0989156831283446,0.0644061124412467,0.133425253815443,0.176107372326542,0
Details,"['Cash/sh', 'P/B', 'Book/sh', 'ATR', 'P/FCF', 'EPS (ttm)']",0.096979170351748,0.0728543748086936,0.121103965894802,0.166436763416585,0
Details,"['EPS next Y', 'Cash/sh', 'P/FCF', 'PEG', 'Book/sh', 'Prev Close']",0.104628247891606,0.0756551822839833,0.133601313499229,0.144094832666087,0
Details,"['P/FCF', 'Book/sh', 'Cash/sh', 'PEG', 'EPS next Y', 'ATR']",0.10235198336959,0.0701571772913936,0.134546789447786,0.162564041911094,0
Details,"['Book/sh', 'P/S', 'Target Price', 'Prev Close', 'PEG', 'EPS next Y']",0.0979423253715382,0.0631673495527742,0.132717301190302,0.12380436893926,0
Details,"['ATR', 'P/B', 'Cash/sh', 'PEG', 'P/FCF', 'Prev Close']",0.0923413023308118,0.0570381048901018,0.127644499771522,0.153090262958759,0
Details,"['Prev Close', 'P/FCF', 'ATR', 'PEG', 'Book/sh', 'EPS (ttm)']",0.102382890016343,0.0675964427477767,0.137169337284908,0.141544750932126,0
Details,"['Target Price', 'EPS next Y', 'EPS next Q', 'P/S', 'EPS (ttm)', 'ATR']",0.0975885002086156,0.0665614311090274,0.128615569308204,0.168793888554557,0
Details,"['ATR', 'EPS next Y', 'Book/sh', 'P/FCF', 'Prev Close', 'EPS (ttm)']",0.095460869381162,0.0664123125195809,0.124509426242743,0.159376185908374,0
Details,"['ATR', 'Book/sh', 'EPS next Y', 'PEG', 'EPS next Q', 'Cash/sh']",0.100072753966489,0.0729394642127906,0.127206043720188,0.168814672637716,0
Details,"['P/B', 'EPS next Y', 'Prev Close', 'Cash/sh', 'ATR', 'P/FCF']",0.108760871239164,0.0751777838450528,0.142343958633275,0.170394651190497,0
Details,"['P/FCF', 'Prev Close', 'Book/sh', 'ATR', 'EPS next Q', 'Cash/sh']",0.106089130907791,0.0703977654499976,0.141780496365585,0.158460622255116,0
Details,"['P/FCF', 'Book/sh', 'PEG', 'EPS next Y', 'P/B', 'Cash/sh']",0.115894067534541,0.0859857708940062,0.145802364175077,0.154227082909243,0
Details,"['EPS next Y', 'EPS (ttm)', 'P/FCF', 'Target Price', 'Cash/sh']",0.100323828112025,0.0726719948304236,0.127975661393626,0.153471119066512,0
Details,"['Book/sh', 'ATR', 'EPS (ttm)', 'P/FCF', 'Cash/sh', 'EPS next Y']",0.0940490620194124,0.0661952377303276,0.121902886308497,0.162369454374219,0
Details,"['P/S', 'P/FCF', 'PEG', 'EPS next Y', 'Cash/sh', 'Book/sh']",0.0984586801475965,0.0667874668562821,0.130129893438911,0.1530024387492,0
Details,"['EPS next Q', 'EPS next Y', 'Book/sh', 'Cash/sh', 'P/B', 'P/S']",0.100473134049311,0.0702569585707354,0.130689309527887,0.166275472668657,0
Details,"['ATR', 'Target Price', 'PEG', 'EPS (ttm)', 'Cash/sh', 'P/S']",0.10175088460504,0.0681541591944127,0.135347610015666,0.170221530997299,0
Details,"['Cash/sh', 'PEG', 'EPS next Y', 'P/FCF', 'Book/sh', 'P/B']",0.108633302869154,0.0807186111526866,0.136547994585621,0.154166866255247,0
Details,"['P/FCF', 'Cash/sh', 'EPS (ttm)', 'Book/sh', 'Prev Close', 'PEG']",0.0954847159779581,0.0674748926415386,0.123494539314378,0.133288098068263,0
Details,"['Cash/sh', 'P/FCF', 'EPS next Y', 'PEG', 'ATR', 'EPS (ttm)']",0.0984912910919801,0.0692435608752741,0.127739021308686,0.163795375863863,0
Details,"['Prev Close', 'EPS next Y', 'ATR', 'EPS next Q', 'EPS (ttm)', 'PEG']",0.0959454126594503,0.0703154204076775,0.121575404911223,0.170306214962032,0
Details,"['Target Price', 'EPS next Y', 'PEG', 'P/FCF', 'Cash/sh', 'EPS (ttm)']",0.0975397725105347,0.069830447984056,0.125249097037013,0.153895252417753,0
Details,"['EPS next Y', 'EPS (ttm)', 'PEG', 'P/B', 'Cash/sh', 'Book/sh']",0.0932177885964741,0.0689242651947582,0.11751131199819,0.181400239733879,0
Details,"['P/FCF', 'ATR', 'Book/sh', 'P/S', 'Cash/sh', 'EPS (ttm)']",0.0977996839185262,0.0637305023741639,0.131868865462888,0.152987022698607,0
Details,"['EPS next Q', 'Prev Close', 'Target Price', 'EPS next Y', 'EPS (ttm)', 'P/FCF']",0.0906107077777024,0.0565578934957705,0.124663522059634,0.149477847151046,0
Details,"['P/S', 'EPS next Y', 'Book/sh', 'Target Price', 'PEG', 'P/B']",0.0913663139751603,0.058003972242544,0.124728655707777,0.138779304129457,0
Details,"['P/FCF', 'P/B', 'Cash/sh', 'EPS next Y', 'Book/sh', 'EPS (ttm)']",0.0932758178196463,0.070260459338531,0.116291176300762,0.169018429630151,0
Details,"['EPS (ttm)', 'Book/sh', 'PEG', 'P/FCF', 'EPS next Q', 'ATR']",0.112919246346183,0.0743391539869896,0.151499338705376,0.156283623809681,0
Details,"['EPS (ttm)', 'PEG', 'P/FCF', 'EPS next Y', 'ATR', 'P/S']",0.0979026359013659,0.0666992580720969,0.129106013730635,0.174230836067204,0
Details,"['Cash/sh', 'EPS next Y', 'ATR', 'EPS next Q', 'Target Price', 'P/FCF']",0.110610247038432,0.0706658068658575,0.150554687211007,0.163609110723082,0
Details,"['Cash/sh', 'Target Price', 'EPS next Q', 'EPS next Y', 'Prev Close', 'ATR']",0.103578563200464,0.0628711572009757,0.144285969199951,0.172265438777709,0
Details,"['Prev Close', 'Cash/sh', 'P/FCF', 'ATR', 'EPS next Q', 'EPS next Y']",0.0964878225442505,0.0643911397223182,0.128584505366183,0.169210392975487,0
Details,"['Target Price', 'P/S', 'EPS (ttm)', 'EPS next Y', 'PEG', 'ATR']",0.103199332412524,0.0735028053655067,0.132895859459541,0.166272742551171,0
Details,"['Target Price', 'EPS next Y', 'PEG', 'Cash/sh', 'P/FCF', 'EPS (ttm)']",0.117058606021065,0.0831558011248025,0.150961410917327,0.158298414197953,0
Details,"['EPS (ttm)', 'EPS next Q', 'P/FCF', 'Book/sh', 'ATR', 'Cash/sh']",0.0904570065158044,0.0629727146783727,0.117941298353236,0.164708405488121,0
Details,"['P/B', 'Book/sh', 'PEG', 'Cash/sh', 'P/FCF', 'EPS (ttm)']",0.0993981983278104,0.0725579836385181,0.126238413017103,0.155129998255878,0
Details,"['PEG', 'P/B', 'EPS (ttm)', 'EPS next Y', 'Prev Close', 'Cash/sh']",0.0956715611462791,0.0705786935833246,0.120764428709234,0.167661532285108,0
Details,"['Book/sh', 'P/B', 'Cash/sh', 'P/FCF', 'Prev Close', 'ATR']",0.11043366227468,0.081019212130192,0.139848112419168,0.14164248301972,0
Details,"['EPS next Q', 'ATR', 'Cash/sh', 'Prev Close', 'P/B', 'Book/sh']",0.0935748989183529,0.0631475666908231,0.124002231145883,0.175223617581919,0
Details,"['Prev Close', 'EPS next Y', 'Cash/sh', 'P/B', 'PEG', 'EPS (ttm)']",0.0926590288225063,0.0680446219020705,0.117273435742942,0.173073433800351,0
Details,"['Prev Close', 'P/FCF', 'EPS next Q', 'Cash/sh', 'Book/sh', 'PEG']",0.0930634937993577,0.0662597367604866,0.119867250838229,0.150244804331522,0
Details,"['EPS next Q', 'PEG', 'Cash/sh', 'Target Price', 'ATR', 'EPS next Y']",0.126570646625203,0.0872534803331137,0.165887812917292,0.174933294189069,0
Details,"['Target Price', 'EPS next Q', 'ATR', 'Cash/sh', 'P/FCF', 'Book/sh']",0.0960907917553305,0.0724340716694663,0.119747511841195,0.170899401591974,0
Details,"['EPS (ttm)', 'Cash/sh', 'EPS next Y', 'P/FCF', 'P/S', 'Book/sh']",0.103223095848551,0.0787451020260604,0.127701089671042,0.145983955425066,0
Details,"['EPS (ttm)', 'EPS next Y', 'Cash/sh', 'P/S', 'EPS next Q', 'Target Price']",0.0952448520009353,0.0656792489679102,0.12481045503396,0.177903098699864,0
Details,"['P/S', 'ATR', 'P/FCF', 'Cash/sh', 'Book/sh', 'EPS (ttm)']",0.0940328596822017,0.0638811083728985,0.124184610991505,0.15863409081286,0
Details,"['Cash/sh', 'Prev Close', 'ATR', 'Book/sh', 'EPS next Y', 'P/B']",0.09353742768778,0.0648275241881835,0.122247331187376,0.169502273862286,0
Details,"['P/S', 'Cash/sh', 'Target Price', 'EPS (ttm)', 'ATR', 'EPS next Y']",0.118044938262372,0.0930997697530394,0.142990106771704,0.180175100612231,0
Details,"['PEG', 'EPS (ttm)', 'Target Price', 'P/S', 'EPS next Y', 'P/B']",0.097649237408499,0.0629102639002088,0.132388210916789,0.154109443840512,0
Details,"['P/S', 'Cash/sh', 'EPS next Q', 'Book/sh', 'EPS next Y', 'P/FCF']",0.096202941723942,0.0602894155931386,0.132116467854745,0.150854079680697,0
Details,"['P/FCF', 'Prev Close', 'Target Price', 'EPS (ttm)', 'EPS next Q', 'ATR']",0.108192042167686,0.0641960805617139,0.152188003773659,0.159016120782823,0
Details,"['P/FCF', 'P/B', 'Book/sh', 'EPS next Q', 'PEG', 'Cash/sh']",0.0907618007087,0.0669871404277489,0.114536460989651,0.159880613186033,0
Details,"['ATR', 'Prev Close', 'EPS next Q', 'EPS (ttm)', 'P/FCF', 'Book/sh']",0.092038551598585,0.0629795092097321,0.121097593987438,0.16420172253129,0
Details,"['ATR', 'Book/sh', 'EPS next Q', 'EPS (ttm)', 'Prev Close', 'P/FCF']",0.109201023135768,0.0740067670200638,0.144395279251473,0.163835874308788,0
Details,"['PEG', 'EPS (ttm)', 'Prev Close', 'EPS next Y', 'Cash/sh', 'P/B']",0.101575824306471,0.0742509391168083,0.128900709496134,0.163142558897206,0
Details,"['EPS (ttm)', 'EPS next Y', 'P/FCF', 'Target Price', 'P/B', 'EPS next Q']",0.100045548576238,0.0734974200478368,0.126593677104639,0.152900850477671,0
Details,"['PEG', 'P/S', 'EPS next Q', 'EPS next Y', 'Target Price']",0.101950865004157,0.0712257551415234,0.132675974866791,0.168570489380076,0
Details,"['P/S', 'P/B', 'Cash/sh', 'EPS next Y', 'Book/sh']",0.0948899424958859,0.0699598659305089,0.119820019061263,0.16402935500026,0
Details,"['Book/sh', 'Target Price', 'P/FCF', 'EPS next Y', 'EPS (ttm)', 'Cash/sh']",0.0977432937106298,0.071740755126813,0.123745832294447,0.146481986923549,0
Details,"['Target Price', 'Book/sh', 'Cash/sh', 'EPS next Q', 'EPS (ttm)', 'P/S']",0.100839091498782,0.0787542344584735,0.122923948539091,0.158957621753424,0
Details,"['EPS next Y', 'Cash/sh', 'Book/sh', 'P/B', 'PEG', 'EPS (ttm)']",0.0979003284799826,0.0749199585205655,0.1208806984394,0.179519526061101,0
Details,"['EPS next Y', 'P/FCF', 'Book/sh', 'Prev Close', 'Cash/sh']",0.0967202937801299,0.0643428953188704,0.129097692241389,0.145765110428765,0
Details,"['EPS next Q', 'Cash/sh', 'P/B', 'EPS next Y', 'PEG', 'Book/sh']",0.0934509463140718,0.070760138090224,0.11614175453792,0.174735184121211,0
Details,"['Cash/sh', 'P/FCF', 'Target Price', 'Prev Close', 'Book/sh', 'PEG']",0.0924560577991424,0.0655508267274181,0.119361288870867,0.109421626777348,0
Details,"['Cash/sh', 'Target Price', 'PEG', 'P/FCF', 'P/S']",0.0926018390056784,0.0641337500311779,0.121069927980179,0.13321230192681,0
Details,"['ATR', 'PEG', 'P/FCF', 'Book/sh', 'EPS (ttm)', 'EPS next Y']",0.0931725861246301,0.0651527270664202,0.12119244518284,0.155089462681346,0
Details,"['PEG', 'EPS next Q', 'Prev Close', 'EPS (ttm)', 'Target Price']",0.0922001603381052,0.056047360780578,0.128352959895632,0.18147722828223,0
Details,"['EPS next Y', 'P/FCF', 'EPS (ttm)', 'ATR', 'Cash/sh', 'Book/sh']",0.116440251516731,0.0882047431469843,0.144675759886478,0.16168205477817,0
Details,"['Book/sh', 'P/FCF', 'EPS next Y', 'PEG', 'Cash/sh']",0.103146793593938,0.0699900730585293,0.136303514129346,0.156278879862055,0
Details,"['PEG', 'ATR', 'EPS next Y', 'P/B', 'Book/sh', 'Target Price']",0.0934051956393424,0.0660826323537768,0.120727758924908,0.168974112890608,0
Details,"['EPS next Q', 'P/FCF', 'Target Price', 'EPS (ttm)', 'Book/sh', 'Cash/sh']",0.104468375733108,0.0801949654912938,0.128741785974923,0.153770917305186,0
Details,"['PEG', 'Cash/sh', 'ATR', 'P/FCF', 'Book/sh', 'EPS next Q']",0.117236652791783,0.0773859679945812,0.157087337588984,0.161213889040623,0
Details,"['Target Price', 'EPS next Q', 'EPS next Y', 'P/FCF', 'EPS (ttm)', 'Prev Close']",0.102875394473057,0.0615032354456401,0.144247553500473,0.149151284195766,0
Details,"['PEG', 'Target Price', 'EPS next Y', 'Cash/sh', 'EPS next Q', 'P/FCF']",0.0924426349756217,0.0586246037890746,0.126260666162169,0.161809980462863,0
Details,"['Cash/sh', 'ATR', 'Book/sh', 'EPS next Y', 'PEG', 'Prev Close']",0.102805345645732,0.0700870415515462,0.135523649739917,0.163568083756304,0
Details,"['P/FCF', 'Cash/sh', 'Book/sh', 'EPS next Q', 'ATR', 'P/B']",0.091839601098434,0.0679740161373185,0.11570518605955,0.176008684531831,0
Details,"['EPS (ttm)', 'P/S', 'Target Price', 'EPS next Q', 'Book/sh', 'EPS next Y']",0.118607638339615,0.0888684473786037,0.148346829300626,0.158535912360599,0
Details,"['ATR', 'Target Price', 'Cash/sh', 'EPS (ttm)', 'EPS next Y', 'P/FCF']",0.0928010568751551,0.0576162583333315,0.127985855416979,0.152880013817596,0
Details,"['Book/sh', 'EPS next Q', 'ATR', 'EPS next Y', 'P/B', 'Cash/sh']",0.101479402993109,0.0776112577236713,0.125347548262547,0.177390943992033,0
Details,"['PEG', 'EPS (ttm)', 'EPS next Y', 'Cash/sh', 'Target Price', 'EPS next Q']",0.109442542073586,0.0730981614783379,0.145786922668834,0.18378630286584,0
Details,"['P/B', 'EPS next Y', 'ATR', 'Cash/sh', 'Prev Close']",0.0925255950667574,0.0597707263385624,0.125280463794952,0.160572692376403,0
Details,"['ATR', 'Book/sh', 'EPS next Y', 'Cash/sh', 'P/B', 'EPS next Q']",0.109268430601868,0.0855454582594103,0.132991402944325,0.179382378503691,0
Details,"['Prev Close', 'Target Price', 'P/FCF', 'EPS next Q', 'EPS next Y']",0.0929998897726757,0.0502890500256228,0.135710729519729,0.163016632621486,0
Details,"['Book/sh', 'EPS next Y', 'Prev Close', 'EPS next Q', 'PEG', 'Cash/sh']",0.0920045901323208,0.0590204232615951,0.124988757003046,0.173845650582561,0
Details,"['Target Price', 'PEG', 'EPS next Q', 'ATR', 'Cash/sh', 'Book/sh']",0.0901431004680113,0.0685453054232808,0.111740895512742,0.189411009283549,0
Details,"['P/FCF', 'EPS next Y', 'Cash/sh', 'Target Price', 'Prev Close', 'ATR']",0.108560715498562,0.0685589117656219,0.148562519231503,0.152653893113571,0
Details,"['Prev Close', 'EPS next Q', 'EPS next Y', 'Cash/sh', 'P/B', 'P/FCF']",0.0940341605220338,0.0641207402348927,0.123947580809175,0.170778426798478,0
Details,"['P/FCF', 'EPS next Q', 'Cash/sh', 'Prev Close', 'Book/sh', 'PEG']",0.111400667001557,0.0813584663201365,0.141442867682977,0.149100146568764,0
Details,"['P/FCF', 'Cash/sh', 'PEG', 'EPS next Q', 'Prev Close', 'Target Price']",0.0905899532360002,0.0633687953388157,0.117811111133185,0.149452061411487,0
Details,"['P/FCF', 'EPS next Y', 'Cash/sh', 'Prev Close', 'PEG', 'Book/sh']",0.0950877172774715,0.0615191539692078,0.128656280585735,0.145637575208201,0
Details,"['EPS next Y', 'Book/sh', 'EPS (ttm)', 'EPS next Q', 'Prev Close', 'Cash/sh']",0.108562388587597,0.0781764126416676,0.138948364533526,0.183292771374004,0
Details,"['Cash/sh', 'ATR', 'P/B', 'PEG', 'EPS (ttm)', 'Book/sh']",0.104872055121715,0.0755423754503132,0.134201734793117,0.174680298976691,0
Details,"['EPS (ttm)', 'Book/sh', 'EPS next Y', 'P/S', 'Target Price']",0.103843552601909,0.0699904365036357,0.137696668700182,0.160636700464524,0
Details,"['Target Price', 'EPS next Q', 'P/S', 'P/FCF', 'EPS next Y', 'Cash/sh']",0.104813256077379,0.065206648311391,0.144419863843366,0.158642893344675,0
Details,"['ATR', 'EPS next Q', 'Book/sh', 'EPS (ttm)', 'EPS next Y', 'P/B']",0.0910013470645578,0.0682207456009835,0.113781948528132,0.173216340011604,0
Details,"['ATR', 'P/FCF', 'PEG', 'EPS (ttm)', 'Book/sh', 'EPS next Q']",0.118511309592804,0.0782738469239527,0.158748772261654,0.160279471868837,0
Details,"['Cash/sh', 'PEG', 'P/S', 'Book/sh', 'EPS next Y']",0.0905891496607643,0.0606681570431774,0.120510142278351,0.182775263252333,0
Details,"['Book/sh', 'ATR', 'Cash/sh', 'P/FCF', 'EPS next Y']",0.103624461547419,0.0659221598796866,0.141326763215151,0.169285931809453,0
Details,"['Cash/sh', 'PEG', 'P/FCF', 'Target Price', 'Book/sh', 'EPS (ttm)']",0.0918215050325465,0.0679802088049194,0.115662801260174,0.137130875217538,0
Details,"['Cash/sh', 'P/FCF', 'ATR', 'Target Price', 'EPS next Y', 'EPS next Q']",0.0921791147536252,0.0589811173483835,0.125377112158867,0.165549624909773,0
Details,"['Cash/sh', 'PEG', 'EPS next Y', 'P/B', 'P/FCF', 'Book/sh']",0.0927873283501039,0.068470159643504,0.117104497056704,0.151279420353952,0
Details,"['Prev Close', 'P/FCF', 'ATR', 'EPS (ttm)', 'Book/sh', 'Cash/sh']",0.105950226879047,0.0726229872301094,0.139277466527985,0.144420307676568,0
Details,"['PEG', 'P/FCF', 'Prev Close', 'Book/sh', 'ATR', 'Cash/sh']",0.0903493231720596,0.0606826967842649,0.120015949559854,0.153728164060402,0
Details,"['PEG', 'EPS (ttm)', 'Prev Close', 'ATR', 'Cash/sh', 'P/FCF']",0.0941801367126313,0.0631951779807466,0.125165095444516,0.151790076514337,0
Details,"['EPS (ttm)', 'ATR', 'Book/sh', 'Cash/sh', 'P/FCF', 'Target Price']",0.119739939077466,0.094539974118746,0.144939904036187,0.144561722375994,0
Details,"['Book/sh', 'P/FCF', 'EPS next Y', 'ATR', 'Target Price', 'Cash/sh']",0.0962349230093079,0.071300923846683,0.121168922171933,0.15966289579478,0
Details,"['Cash/sh', 'Book/sh', 'EPS next Q', 'PEG', 'P/FCF', 'Prev Close']",0.0976202349361249,0.0694374461440887,0.125803023728161,0.146768331094421,0
Details,"['Prev Close', 'Cash/sh', 'ATR', 'P/B', 'EPS next Q', 'P/FCF']",0.101311112431109,0.0669229470781633,0.135699277784055,0.176022993446249,0
Details,"['Prev Close', 'Cash/sh', 'EPS (ttm)', 'ATR', 'Book/sh', 'EPS next Y']",0.104623050167252,0.0744847204304992,0.134761379904004,0.17152998666921,0
Details,"['Cash/sh', 'PEG', 'P/FCF', 'P/B', 'Book/sh']",0.09618071468065,0.0743548718809368,0.118006557480363,0.161822325223444,0
Details,"['P/FCF', 'ATR', 'Cash/sh', 'PEG', 'EPS (ttm)', 'EPS next Y']",0.112107962565884,0.0744401843620634,0.149775740769704,0.164638453447884,0
Details,"['Target Price', 'EPS next Q', 'Prev Close', 'PEG', 'Cash/sh', 'EPS (ttm)']",0.104906241870996,0.0686626101952203,0.141149873546773,0.167114303012281,0
Details,"['Target Price', 'EPS next Q', 'Prev Close', 'ATR', 'EPS next Y']",0.11822435646997,0.0723358426164029,0.164112870323537,0.180404845680493,0
Details,"['EPS next Q', 'ATR', 'EPS next Y', 'Prev Close', 'Target Price', 'Cash/sh']",0.107874031235209,0.0676919060351913,0.148056156435228,0.178107672993572,0
Details,"['Book/sh', 'PEG', 'P/FCF', 'P/B', 'Cash/sh']",0.114889749918288,0.0925552217424542,0.137224278094122,0.157734580652407,0
Details,"['EPS next Y', 'PEG', 'Cash/sh', 'EPS next Q', 'Target Price', 'ATR']",0.0945463533130333,0.0623912478415789,0.126701458784488,0.172061607170753,0
Details,"['Target Price', 'Cash/sh', 'PEG', 'P/FCF', 'ATR', 'Prev Close']",0.0916498954434971,0.0558449366531397,0.127454854233854,0.156820428136142,0
Details,"['EPS next Y', 'EPS next Q', 'Cash/sh', 'PEG', 'P/FCF', 'Target Price']",0.0992418683177353,0.0715765284316014,0.126907208203869,0.153754261162082,0
Details,"['Cash/sh', 'P/FCF', 'EPS next Y', 'ATR', 'Prev Close', 'Book/sh']",0.0980989329316098,0.0659989385375954,0.130198927325624,0.15223970389074,0
Details,"['Cash/sh', 'EPS next Y', 'Book/sh', 'P/S', 'P/B']",0.0977989892820998,0.0752004622549084,0.120397516309291,0.172691521285334,0
Details,"['Prev Close', 'P/S', 'Target Price', 'EPS next Q', 'ATR', 'P/B']",0.0904634315900328,0.0469062165460564,0.134020646634009,0.15713247250211,0
Details,"['Target Price', 'P/B', 'EPS next Y', 'P/S', 'ATR', 'EPS (ttm)']",0.0962802487763087,0.06556430355237,0.126996194000247,0.158555000133268,0
Details,"['P/FCF', 'Cash/sh', 'EPS (ttm)', 'Book/sh', 'PEG', 'Prev Close']",0.0949853599195625,0.063418991042961,0.126551728796164,0.142479256793266,0
Details,"['EPS (ttm)', 'EPS next Q', 'Target Price', 'Cash/sh', 'PEG', 'ATR']",0.093944010193814,0.0648374027809692,0.123050617606659,0.17769090448909,0
Details,"['Prev Close', 'PEG', 'Target Price', 'Book/sh', 'EPS next Y', 'P/B']",0.0900355764325527,0.0498302991850873,0.130240853680018,0.141385032428402,0
Details,"['PEG', 'P/B', 'Book/sh', 'EPS next Y', 'Cash/sh', 'ATR']",0.118833137070333,0.0865259203099024,0.151140353830764,0.176885266717841,0
Details,"['P/FCF', 'Cash/sh', 'EPS next Q', 'Target Price', 'PEG', 'EPS next Y']",0.12528057162495,0.0869155747013312,0.163645568548568,0.152995922836557,0
Details,"['Book/sh', 'Target Price', 'PEG', 'P/FCF', 'Cash/sh', 'EPS next Y']",0.104039306921755,0.0800773782453035,0.128001235598207,0.143279427962383,0
Details,"['EPS (ttm)', 'Book/sh', 'EPS next Y', 'EPS next Q', 'P/S', 'Target Price']",0.0952779539234048,0.0669159010018891,0.12364000684492,0.166947642298881,0
Details,"['EPS next Q', 'P/S', 'EPS (ttm)', 'Target Price', 'PEG', 'P/FCF']",0.0965690008620571,0.0697744370083797,0.123363564715734,0.15167575845509,0
Details,"['EPS next Y', 'EPS next Q', 'Cash/sh', 'PEG', 'Target Price', 'P/FCF']",0.101806848161211,0.0770033528645346,0.126610343457888,0.156377966362447,0
Details,"['PEG', 'Book/sh', 'EPS next Y', 'P/B', 'P/FCF', 'Cash/sh']",0.11856161933951,0.0885738261365093,0.148549412542511,0.161543869614532,0
Details,"['P/FCF', 'EPS (ttm)', 'Cash/sh', 'ATR', 'Book/sh', 'PEG']",0.097063489518181,0.0637807948237453,0.130346184212617,0.157773940827653,0
Details,"['EPS next Y', 'Book/sh', 'P/B', 'P/S', 'ATR']",0.097356203218674,0.0716916927353724,0.123020713701976,0.176423849196796,0
Details,"['PEG', 'EPS next Y', 'EPS next Q', 'Target Price', 'Book/sh', 'Cash/sh']",0.0906216516419246,0.0658515945711365,0.115391708712713,0.179881757389691,0
Details,"['EPS next Y', 'PEG', 'Target Price', 'P/S', 'EPS (ttm)', 'ATR']",0.0918106022977002,0.0674525095190529,0.116168695076348,0.168320373176799,0
Details,"['EPS next Q', 'EPS (ttm)', 'EPS next Y', 'P/B', 'Cash/sh', 'Book/sh']",0.110782606732281,0.0863560913066989,0.135209122157864,0.18861684262941,0
Details,"['P/FCF', 'EPS next Q', 'Target Price', 'EPS (ttm)', 'Book/sh']",0.0934096578199777,0.0672262658835887,0.119593049756367,0.147997750265556,0
Details,"['P/S', 'Book/sh', 'PEG', 'EPS (ttm)', 'ATR', 'Target Price']",0.0916301002690211,0.0701434372214745,0.113116763316568,0.145561278594815,0
Details,"['Cash/sh', 'P/S', 'ATR', 'Target Price', 'EPS (ttm)', 'EPS next Y']",0.108010973794627,0.0833323670918103,0.132689580497444,0.172983749971263,0
Details,"['EPS (ttm)', 'Target Price', 'Cash/sh', 'PEG', 'P/S', 'EPS next Y']",0.113784853844585,0.0826564949242576,0.144913212764912,0.152974233255138,0
Details,"['EPS next Y', 'EPS (ttm)', 'P/S', 'Target Price', 'PEG', 'ATR']",0.0911969365014778,0.0610237875966668,0.121370085406289,0.171092950422194,0
Details,"['Cash/sh', 'EPS (ttm)', 'PEG', 'EPS next Q', 'EPS next Y', 'Target Price']",0.0976497673398584,0.0676283093210642,0.127671225358653,0.176119381456921,0
Details,"['ATR', 'EPS next Y', 'Cash/sh', 'P/FCF', 'Book/sh', 'PEG']",0.105742797480558,0.0748978629790151,0.1365877319821,0.164104244709063,0
Details,"['EPS next Y', 'EPS (ttm)', 'Target Price', 'PEG', 'Cash/sh', 'P/S']",0.0903829880472108,0.0607209112341446,0.120045064860277,0.169682663311364,0
Details,"['PEG', 'EPS next Q', 'P/FCF', 'ATR', 'Book/sh', 'EPS (ttm)']",0.0948517790696998,0.0608974461185018,0.128806112020898,0.157468518685631,0
Details,"['PEG', 'EPS next Y', 'Target Price', 'Cash/sh', 'P/FCF', 'EPS (ttm)']",0.109026746552893,0.0741040589802959,0.14394943412549,0.14516906301217,0
Details,"['ATR', 'EPS next Y', 'EPS next Q', 'PEG', 'Cash/sh', 'Book/sh']",0.0946382447268936,0.0677702542059859,0.121506235247801,0.173284519669089,0
Details,"['Cash/sh', 'Prev Close', 'EPS next Y', 'EPS next Q', 'Target Price', 'PEG']",0.0966932509347167,0.0558792043426494,0.137507297526784,0.16018490899275,0
Details,"['Cash/sh', 'P/FCF', 'Target Price', 'EPS (ttm)', 'Book/sh', 'EPS next Y']",0.0902436781310197,0.0673392081525526,0.113148148109487,0.148235278143841,0
Details,"['ATR', 'EPS next Y', 'PEG', 'P/S', 'Cash/sh', 'EPS next Q']",0.105274979870785,0.0760941836243695,0.134455776117201,0.155950341350795,0
Details,"['Cash/sh', 'ATR', 'EPS (ttm)', 'Prev Close', 'P/FCF', 'Book/sh']",0.11835968487283,0.0858564024595818,0.150862967286079,0.142134892630859,0
Details,"['ATR', 'Cash/sh', 'Target Price', 'PEG', 'EPS next Y', 'EPS (ttm)']",0.115486247541821,0.0771486495083374,0.153823845575305,0.176144480528757,0
Details,"['EPS next Q', 'P/FCF', 'Prev Close', 'EPS next Y', 'Target Price', 'ATR']",0.104436304989764,0.0665523962314512,0.142320213748077,0.157515352954317,0
Details,"['Prev Close', 'Target Price', 'ATR', 'Cash/sh', 'P/FCF', 'Book/sh']",0.0949015974606621,0.07045546005006,0.119347734871264,0.119584560997664,0
Details,"['Book/sh', 'ATR', 'EPS (ttm)', 'P/S', 'Cash/sh', 'Target Price']",0.0945661832092979,0.0722912649680977,0.116841101450498,0.157780575018579,0
Details,"['ATR', 'Target Price', 'EPS (ttm)', 'EPS next Q', 'Prev Close', 'EPS next Y']",0.115322418747817,0.0742696412657699,0.156375196229865,0.174384257109424,0
Details,"['Prev Close', 'P/B', 'PEG', 'Cash/sh', 'EPS next Q', 'EPS (ttm)']",0.0954765077114189,0.070651918187735,0.120301097235103,0.177315407442064,0
Details,"['ATR', 'EPS next Y', 'Book/sh', 'EPS (ttm)', 'Target Price', 'P/S']",0.0932019112406299,0.0654798799220289,0.120923942559231,0.167087782580946,0
Details,"['ATR', 'EPS (ttm)', 'EPS next Y', 'Target Price', 'P/S', 'Book/sh']",0.124184707917562,0.0815043163253203,0.166865099509804,0.164059026530231,0
Details,"['Cash/sh', 'Book/sh', 'PEG', 'P/B', 'EPS next Q', 'P/FCF']",0.102114841792484,0.0781391549227047,0.126090528662263,0.161213160012573,0
Details,"['EPS (ttm)', 'EPS next Y', 'Target Price', 'EPS next Q', 'P/S']",0.116728485907882,0.0758134467737295,0.157643525042034,0.174620414924634,0
Details,"['P/FCF', 'Book/sh', 'Prev Close', 'EPS next Q', 'EPS (ttm)', 'P/B']",0.0945800881155848,0.0582576774739821,0.130902498757188,0.139245382522397,0
Details,"['Prev Close', 'Cash/sh', 'ATR', 'EPS (ttm)', 'Book/sh', 'P/FCF']",0.106872351840352,0.0797029902362876,0.134041713444416,0.158519314944724,0
Details,"['EPS next Y', 'Prev Close', 'Cash/sh', 'EPS next Q', 'ATR', 'Book/sh']",0.0901264127312807,0.0626683939843254,0.117584431478236,0.174021187708549,0
Details,"['P/FCF', 'Cash/sh', 'EPS next Y', 'Book/sh', 'P/B', 'PEG']",0.0909618560957992,0.0690655861131255,0.112858126078473,0.154757452807609,0
Details,"['Book/sh', 'EPS (ttm)', 'Target Price', 'ATR', 'Cash/sh', 'P/FCF']",0.104293907858656,0.0795825434575274,0.129005272259785,0.157619003840905,0
Details,"['P/B', 'P/S', 'Cash/sh', 'ATR', 'Book/sh', 'EPS next Y']",0.106128269666369,0.0792959714747908,0.132960567857947,0.174023647895358,0
Details,"['Target Price', 'Cash/sh', 'P/FCF', 'P/S', 'EPS next Q', 'EPS next Y']",0.101361429893739,0.0654864050752219,0.137236454712256,0.161874731067381,0
Details,"['Cash/sh', 'EPS next Y', 'Book/sh', 'P/FCF', 'P/B', 'EPS next Q']",0.0904637272817121,0.0678706499124399,0.113056804650984,0.174434937673796,0
Details,"['EPS (ttm)', 'Target Price', 'P/S', 'Book/sh', 'PEG', 'Prev Close']",0.0981315232955964,0.0667880136643484,0.129475032926844,0.123210269558969,0
Details,"['EPS next Y', 'PEG', 'P/FCF', 'Cash/sh', 'Target Price', 'ATR']",0.104231709521459,0.0738618304577188,0.1346015885852,0.156554027154708,0
Details,"['EPS next Q', 'ATR', 'P/FCF', 'Prev Close', 'Cash/sh', 'Book/sh']",0.10686134930354,0.0717150942208919,0.142007604386188,0.159406002983296,0
Details,"['ATR', 'EPS next Y', 'P/FCF', 'Cash/sh', 'EPS (ttm)', 'Prev Close']",0.10332534160797,0.0681688690529387,0.138481814163002,0.166179758115921,0
Details,"['Book/sh', 'ATR', 'Cash/sh', 'P/FCF', 'Target Price', 'EPS (ttm)']",0.110363463035124,0.0836431948404744,0.137083731229773,0.150850436379565,0
Details,"['P/FCF', 'Book/sh', 'EPS next Q', 'Cash/sh', 'EPS (ttm)', 'Target Price']",0.100689133779407,0.0746511865799381,0.126727080978875,0.147491110250181,0
Details,"['EPS next Q', 'Cash/sh', 'PEG', 'Prev Close', 'EPS (ttm)', 'ATR']",0.0993096221737862,0.075541828685965,0.123077415661607,0.178271398656655,0
Details,"['P/S', 'Book/sh', 'Cash/sh', 'P/B', 'ATR', 'EPS next Y']",0.10037724433219,0.0758848140384382,0.124869674625941,0.169009336207515,0
Details,"['PEG', 'Prev Close', 'Book/sh', 'Cash/sh', 'EPS next Q', 'P/B']",0.0977337816721307,0.0692894894192281,0.126178073925033,0.169521267666964,0
Details,"['ATR', 'Target Price', 'Cash/sh', 'PEG', 'EPS (ttm)', 'EPS next Y']",0.100427844644791,0.0673419346182436,0.133513754671337,0.170162556981827,0
Details,"['EPS next Q', 'Book/sh', 'EPS next Y', 'P/FCF', 'Cash/sh', 'Prev Close']",0.107050434342722,0.0755776514539155,0.138523217231529,0.145909766456226,0
Details,"['PEG', 'Target Price', 'Cash/sh', 'Prev Close', 'P/FCF', 'EPS next Y']",0.104478096966004,0.0626829633687466,0.146273230563261,0.141546001390596,0
Details,"['P/B', 'EPS next Y', 'Book/sh', 'ATR', 'EPS next Q', 'P/S']",0.118513078916707,0.0908035591627416,0.146222598670671,0.159737979647385,0
Details,"['Book/sh', 'P/FCF', 'EPS next Q', 'P/S', 'Cash/sh', 'Prev Close']",0.0919316319976828,0.0523230636013769,0.131540200393989,0.125201854912933,0
Details,"['Cash/sh', 'Book/sh', 'EPS (ttm)', 'P/B', 'ATR']",0.0920496879965725,0.0682371542659774,0.115862221727168,0.184458705455273,0
Details,"['EPS next Y', 'EPS next Q', 'Book/sh', 'P/FCF', 'Cash/sh', 'Target Price']",0.107526910701043,0.0823765514076212,0.132677269994465,0.148496149751021,0
Details,"['PEG', 'Book/sh', 'EPS (ttm)', 'ATR', 'P/FCF', 'Cash/sh']",0.101486992572816,0.0704899458957577,0.132484039249874,0.157463399596352,0
Details,"['Cash/sh', 'ATR', 'EPS next Q', 'EPS (ttm)', 'Book/sh', 'P/FCF']",0.0966109904071445,0.0612653846428406,0.131956596171448,0.165726087668511,0
Details,"['EPS next Q', 'Prev Close', 'ATR', 'P/FCF', 'EPS next Y', 'Cash/sh']",0.101066517240695,0.0646011095165189,0.137531924964871,0.163028964747178,0
Details,"['Book/sh', 'P/FCF', 'EPS next Y', 'PEG', 'Cash/sh', 'Prev Close']",0.109074309415547,0.077579973098773,0.140568645732321,0.142808258037442,0
Details,"['Target Price', 'ATR', 'EPS (ttm)', 'Cash/sh', 'P/FCF', 'EPS next Y']",0.0983428443381851,0.0686898238159705,0.1279958648604,0.153765660110787,0
Details,"['EPS (ttm)', 'EPS next Y', 'EPS next Q', 'P/B', 'Cash/sh', 'Book/sh']",0.0969420654307791,0.0760644116653785,0.11781971919618,0.18172092506675,0
Details,"['P/FCF', 'EPS (ttm)', 'Book/sh', 'ATR', 'Cash/sh']",0.0976611070525732,0.0678802751743248,0.127441938930822,0.164024568725493,0
Details,"['EPS next Y', 'ATR', 'EPS (ttm)', 'P/S', 'EPS next Q', 'Target Price']",0.118217197449393,0.0863266078005041,0.150107787098282,0.171866222643952,0
Details,"['EPS (ttm)', 'Book/sh', 'EPS next Q', 'EPS next Y', 'Cash/sh', 'Prev Close']",0.10664074743373,0.0717277937293113,0.141553701138149,0.175547681524737,0
Details,"['EPS (ttm)', 'Cash/sh', 'P/S', 'ATR', 'Target Price', 'EPS next Y']",0.107084864019681,0.0775281003922179,0.136641627647144,0.168756507552974,0
Details,"['PEG', 'EPS (ttm)', 'Cash/sh', 'Book/sh', 'Target Price', 'P/FCF']",0.111598458879108,0.0888146384821136,0.134382279276102,0.140341548672545,0
Details,"['Book/sh', 'EPS next Y', 'P/B', 'Prev Close', 'ATR', 'P/FCF']",0.0924969751808897,0.0606846941045706,0.124309256257209,0.150897356814194,0
Details,"['EPS next Y', 'Cash/sh', 'EPS next Q', 'Book/sh', 'Target Price', 'P/FCF']",0.0986055632149121,0.07468767992267,0.122523446507154,0.149826340276004,0
Details,"['ATR', 'Prev Close', 'Cash/sh', 'Book/sh', 'P/FCF', 'EPS (ttm)']",0.0957974723504729,0.0668558066734379,0.124739138027508,0.153916024561849,0
Details,"['EPS next Q', 'EPS next Y', 'Cash/sh', 'Target Price', 'PEG', 'EPS (ttm)']",0.108677479823256,0.0706918910954483,0.146663068551063,0.175018760144817,0
Details,"['EPS (ttm)', 'Prev Close', 'Target Price', 'ATR', 'EPS next Y', 'EPS next Q']",0.104826868496131,0.0616079129119523,0.14804582408031,0.178692299367815,0
Details,"['Prev Close', 'EPS next Q', 'P/FCF', 'ATR', 'P/B', 'Cash/sh']",0.101633805861727,0.0690619617106654,0.134205650012789,0.173096045305215,0
Details,"['Book/sh', 'P/S', 'Target Price', 'Cash/sh', 'PEG', 'EPS (ttm)']",0.0991274326657768,0.0718713636675017,0.126383501664052,0.143429127399624,0
Details,"['P/FCF', 'Book/sh', 'Cash/sh', 'ATR', 'EPS (ttm)']",0.110286639422124,0.0806862754630963,0.139887003381152,0.172382134770227,0
Details,"['P/FCF', 'Book/sh', 'EPS next Q', 'Cash/sh', 'ATR']",0.103800183704482,0.0725655547144868,0.135034812694477,0.180641321936917,0
Details,"['EPS next Y', 'Cash/sh', 'Prev Close', 'EPS next Q', 'ATR', 'P/B']",0.0922826508409703,0.0608885329885354,0.123676768693405,0.167579369679648,0
Details,"['P/FCF', 'P/B', 'EPS next Y', 'Prev Close', 'EPS (ttm)']",0.0912386941868862,0.0521548377407003,0.130322550633072,0.15664144518246,0
Details,"['EPS next Q', 'Cash/sh', 'EPS next Y', 'ATR', 'Book/sh', 'Target Price']",0.0974634509692293,0.0745006289738555,0.120426272964603,0.190767596198453,0
Details,"['Target Price', 'PEG', 'P/S', 'Book/sh', 'Cash/sh', 'EPS next Y']",0.0973757291952416,0.0635453550231331,0.13120610336735,0.153994474449565,0
Details,"['Cash/sh', 'ATR', 'Book/sh', 'P/FCF', 'EPS next Y', 'Target Price']",0.108885259678549,0.0820243581898329,0.135746161167264,0.165624363357475,0
Details,"['Book/sh', 'P/FCF', 'Prev Close', 'Cash/sh', 'ATR', 'EPS next Y']",0.103142904535624,0.0721556272981019,0.134130181773146,0.156510969298602,0
Details,"['Target Price', 'ATR', 'Book/sh', 'P/FCF', 'Cash/sh', 'EPS (ttm)']",0.0958030795500326,0.0690178609100424,0.122588298190023,0.144043372895351,0
Details,"['P/FCF', 'Book/sh', 'Prev Close', 'Cash/sh', 'EPS next Q', 'EPS next Y']",0.105717205189718,0.0736793003523152,0.137755110027122,0.149010626403392,0
Details,"['Book/sh', 'ATR', 'Prev Close', 'PEG', 'P/FCF', 'Cash/sh']",0.112430636869796,0.0804258844676499,0.144435389271943,0.152634752004981,0
Details,"['Cash/sh', 'EPS (ttm)', 'EPS next Y', 'Target Price', 'PEG']",0.105937374027537,0.0742455577107867,0.137629190344287,0.181753459746553,0
Details,"['Cash/sh', 'Target Price', 'ATR', 'P/FCF', 'EPS (ttm)', 'Book/sh']",0.110436797177471,0.0845182256932069,0.136355368661736,0.154759431576112,0
Details,"['EPS (ttm)', 'EPS next Q', 'Cash/sh', 'Book/sh', 'P/B', 'EPS next Y']",0.0955047792181444,0.0733263528708279,0.117683205565461,0.1882833667966,0
Details,"['EPS next Q', 'P/FCF', 'EPS next Y', 'Target Price', 'Cash/sh', 'EPS (ttm)']",0.102867448327332,0.0684520772798478,0.137282819374817,0.158530443692234,0
Details,"['P/B', 'Book/sh', 'Cash/sh', 'P/FCF', 'ATR', 'EPS (ttm)']",0.110932374568112,0.0846571115080411,0.137207637628184,0.161744655671646,0
Details,"['ATR', 'P/S', 'EPS next Y', 'Target Price', 'Cash/sh', 'P/FCF']",0.0947796437833784,0.0665227315738535,0.123036555992903,0.156481755814028,0
Details,"['EPS (ttm)', 'PEG', 'EPS next Q', 'Cash/sh', 'Prev Close', 'P/B']",0.0993116502400923,0.0731105180504929,0.125512782429692,0.172127271778285,0
Details,"['Prev Close', 'Target Price', 'ATR', 'PEG', 'EPS next Y']",0.0921352171283493,0.0553851613328582,0.12888527292384,0.165431249460349,0
Details,"['EPS next Y', 'P/B', 'Cash/sh', 'Prev Close', 'PEG', 'EPS next Q']",0.107824917287015,0.0717680853480461,0.143881749225984,0.174024023095894,0
Details,"['Cash/sh', 'Target Price', 'ATR', 'EPS next Q', 'EPS (ttm)', 'EPS next Y']",0.110739086126683,0.0799443872852539,0.141533784968112,0.175416195910921,0
Details,"['Cash/sh', 'EPS next Y', 'ATR', 'P/B', 'EPS next Q', 'Book/sh']",0.0956278973800677,0.07029442971883,0.120961365041305,0.187682721566279,0
Details,"['EPS next Y', 'P/B', 'ATR', 'Book/sh', 'P/S', 'Cash/sh']",0.109750848797467,0.0847560776815458,0.134745619913388,0.163010706876765,0
Details,"['Cash/sh', 'P/B', 'EPS next Y', 'EPS next Q', 'Book/sh', 'P/FCF']",0.100923171350196,0.0776607767937111,0.124185565906681,0.168398192860231,0
Details,"['Cash/sh', 'Book/sh', 'P/S', 'EPS (ttm)', 'P/FCF', 'ATR']",0.103131858780231,0.0700854630796194,0.136178254480843,0.156619787824276,0
Details,"['P/B', 'Prev Close', 'Book/sh', 'EPS next Q', 'Cash/sh', 'EPS (ttm)']",0.101840887597894,0.0749264909276743,0.128755284268115,0.167255621989274,0
Details,"['PEG', 'Prev Close', 'Book/sh', 'P/FCF', 'Cash/sh', 'EPS next Y']",0.129732204956339,0.0856055238109043,0.173858886101774,0.133335073333585,0
Details,"['Prev Close', 'EPS next Q', 'Book/sh', 'P/FCF', 'Cash/sh', 'PEG']",0.0968533277644272,0.0699598799509402,0.123746775577914,0.144743915873683,0
Details,"['ATR', 'EPS next Y', 'Cash/sh', 'Book/sh', 'P/B', 'EPS (ttm)']",0.102157159986929,0.0798205896387737,0.124493730335084,0.190203514639259,0
Details,"['PEG', 'EPS next Y', 'EPS next Q', 'P/B', 'Target Price', 'Prev Close']",0.0956510941644351,0.0496534651879817,0.141648723140889,0.160634173556541,0
Details,"['EPS next Y', 'P/FCF', 'Cash/sh', 'Target Price', 'Book/sh', 'EPS (ttm)']",0.100690258992809,0.0740208976807194,0.127359620304899,0.14309608626858,0
Details,"['P/FCF', 'PEG', 'EPS next Y', 'Target Price', 'Cash/sh', 'Book/sh']",0.0941333356317042,0.0708102530788551,0.117456418184553,0.141227227851024,0
Details,"['EPS (ttm)', 'ATR', 'P/FCF', 'Book/sh', 'EPS next Y', 'Prev Close']",0.103534121554884,0.0732510075201481,0.133817235589619,0.152013195819662,0
Details,"['P/S', 'ATR', 'EPS next Y', 'Target Price', 'EPS (ttm)', 'EPS next Q']",0.107524555760563,0.0768249339575802,0.138224177563545,0.166073574790516,0
Details,"['P/FCF', 'EPS next Y', 'ATR', 'Book/sh', 'Prev Close', 'PEG']",0.102068550983868,0.0685238198852773,0.135613282082459,0.153813084951143,0
Details,"['EPS next Q', 'Cash/sh', 'EPS next Y', 'EPS (ttm)', 'PEG', 'Target Price']",0.101662893727495,0.0734555737958582,0.129870213659131,0.17635433175169,0
Details,"['Book/sh', 'P/FCF', 'EPS next Q', 'EPS (ttm)', 'Target Price', 'Cash/sh']",0.103282329818045,0.0799914097177397,0.12657324991835,0.153003320024677,0
Details,"['Cash/sh', 'EPS next Q', 'ATR', 'Book/sh', 'EPS (ttm)', 'P/FCF']",0.0949161004342687,0.0634931056156513,0.126339095252886,0.168495140404751,0
Details,"['EPS next Y', 'EPS (ttm)', 'Target Price', 'PEG', 'Book/sh', 'EPS next Q']",0.100637060491983,0.0707463126746684,0.130527808309298,0.169548211707715,0
Details,"['Target Price', 'EPS next Q', 'PEG', 'Prev Close', 'EPS next Y', 'P/FCF']",0.0977688182813101,0.0543470939233718,0.141190542639248,0.162119006899138,0
Details,"['Cash/sh', 'EPS next Y', 'Book/sh', 'EPS (ttm)', 'ATR', 'Prev Close']",0.114319397324,0.0827519900982464,0.145886804549753,0.173597140370603,0
Details,"['Cash/sh', 'EPS (ttm)', 'EPS next Y', 'Target Price', 'EPS next Q', 'P/S']",0.0943101199752259,0.0632463643039694,0.125373875646482,0.169034812385634,0
Details,"['EPS next Q', 'Target Price', 'Prev Close', 'EPS next Y', 'Cash/sh', 'P/FCF']",0.0966542843877127,0.062200448354952,0.131108120420473,0.144968274962069,0
Details,"['PEG', 'P/FCF', 'P/S', 'Cash/sh', 'Target Price', 'EPS next Q']",0.0990670424755088,0.0715558008692578,0.12657828408176,0.144780847470733,0
Details,"['Target Price', 'EPS next Y', 'P/FCF', 'Cash/sh', 'EPS next Q', 'Book/sh']",0.0974809107565813,0.0700391414793135,0.124922680033849,0.16816600334686,0
Details,"['EPS next Y', 'Cash/sh', 'PEG', 'P/FCF', 'Book/sh', 'ATR']",0.09500839547897,0.0648213804580825,0.125195410499858,0.163480194879107,0
Details,"['Target Price', 'Cash/sh', 'EPS next Q', 'P/FCF', 'P/S', 'EPS next Y']",0.109591505950476,0.0679295744306118,0.15125343747034,0.151685113472613,0
Details,"['Target Price', 'P/S', 'EPS (ttm)', 'EPS next Y', 'ATR', 'PEG']",0.0987211770932577,0.0705893913459878,0.126852962840528,0.165233152948536,0
Details,"['Prev Close', 'Cash/sh', 'ATR', 'PEG', 'Target Price', 'EPS next Y']",0.092262650876866,0.0511462737068371,0.133379028046895,0.169026180805834,0
Details,"['P/S', 'Cash/sh', 'P/FCF', 'EPS next Y', 'Target Price']",0.0932167141428576,0.0573309667929173,0.129102461492798,0.146381085874946,0
Details,"['EPS (ttm)', 'Book/sh', 'P/FCF', 'Target Price', 'P/S', 'EPS next Y']",0.0911605306378952,0.0673759585102073,0.114945102765583,0.13174445822249,0
Details,"['PEG', 'Target Price', 'EPS (ttm)', 'P/S', 'ATR', 'EPS next Q']",0.102500403515213,0.0717690901225441,0.133231716907881,0.171736183221478,0
Details,"['EPS next Y', 'EPS (ttm)', 'P/S', 'Target Price', 'PEG', 'P/FCF']",0.0947758045086811,0.0689530210129093,0.120598588004453,0.149053729850018,0
Details,"['EPS (ttm)', 'Book/sh', 'P/S', 'Target Price', 'EPS next Y', 'ATR']",0.113978369907493,0.074242378974874,0.153714360840112,0.169347675858824,0
Details,"['EPS next Q', 'ATR', 'EPS next Y', 'EPS (ttm)', 'Cash/sh', 'Target Price']",0.0994344417445417,0.0709956008327362,0.127873282656347,0.178889234575506,0
Details,"['Cash/sh', 'PEG', 'ATR', 'P/B', 'P/FCF', 'Book/sh']",0.103961369673151,0.0761521162312168,0.131770623115085,0.166145136795738,0
Details,"['Book/sh', 'Cash/sh', 'ATR', 'P/FCF', 'EPS next Q', 'Prev Close']",0.105520022045784,0.0735060217365067,0.137534022355062,0.161828225571635,0
Details,"['P/S', 'EPS (ttm)', 'EPS next Q', 'Target Price', 'ATR', 'EPS next Y']",0.0914328069450609,0.0607853396851594,0.122080274204962,0.174286419996214,0
Details,"['Prev Close', 'ATR', 'Cash/sh', 'P/S', 'PEG', 'Target Price']",0.0963032971002095,0.0643210507397806,0.128285543460638,0.144265520756677,0
Details,"['EPS next Q', 'Target Price', 'EPS next Y', 'Prev Close', 'Cash/sh']",0.102220465032132,0.0668637240083193,0.137577206055945,0.167603399373892,0
Details,"['EPS next Y', 'PEG', 'EPS (ttm)', 'ATR', 'Target Price', 'EPS next Q']",0.100025788081263,0.0743491740913306,0.125702402071196,0.172438309155587,0
Details,"['EPS next Q', 'Target Price', 'Cash/sh', 'P/B', 'Book/sh', 'PEG']",0.0900483812923045,0.0641382571762042,0.115958505408405,0.173960308194309,0
Details,"['EPS (ttm)', 'ATR', 'EPS next Y', 'P/FCF', 'Prev Close', 'Target Price']",0.0908624225250431,0.0514977165286687,0.130227128521418,0.148261208294513,0
Details,"['EPS next Y', 'ATR', 'Target Price', 'Book/sh', 'PEG', 'Cash/sh']",0.0907655754034705,0.0636104413670169,0.117920709439924,0.175188539278376,0
Details,"['Book/sh', 'EPS next Y', 'Cash/sh', 'EPS next Q', 'PEG', 'P/FCF']",0.103236383175451,0.0696358871446656,0.136836879206237,0.152847764906105,0
Details,"['Target Price', 'ATR', 'EPS next Y', 'Cash/sh', 'Prev Close', 'PEG']",0.103607838103452,0.0650178215433209,0.142197854663583,0.162820805352439,0
Details,"['EPS (ttm)', 'ATR', 'Prev Close', 'PEG', 'P/B', 'Cash/sh']",0.0921778216141615,0.0670595250737323,0.117296118154591,0.174504655662786,0
Details,"['Cash/sh', 'Book/sh', 'P/B', 'EPS next Y', 'EPS next Q']",0.0974699173215206,0.0704265855840569,0.124513249058984,0.175134621389382,0
Details,"['Book/sh', 'P/FCF', 'EPS next Y', 'EPS (ttm)', 'Cash/sh', 'Prev Close']",0.0989090286868064,0.0674436531198963,0.130374404253716,0.151790471891876,0
Details,"['P/B', 'Cash/sh', 'EPS next Q', 'ATR', 'Book/sh']",0.110493558768864,0.079886605237505,0.141100512300223,0.174845207504456,0
Details,"['Cash/sh', 'EPS next Y', 'P/FCF', 'Target Price', 'PEG', 'EPS (ttm)']",0.0985225366621942,0.0696107896258856,0.127434283698503,0.150655869431983,0
Details,"['EPS (ttm)', 'Cash/sh', 'Target Price', 'ATR', 'EPS next Y']",0.110577306657785,0.0716056104840511,0.149549002831519,0.177669184716787,0
Details,"['ATR', 'Cash/sh', 'EPS next Y', 'Prev Close', 'Book/sh', 'P/FCF']",0.0959963073144438,0.0648441446679387,0.127148469960949,0.147201310274561,0
Details,"['P/FCF', 'EPS next Q', 'Cash/sh', 'Book/sh', 'Target Price', 'EPS next Y']",0.105550129297552,0.0788499519770348,0.132250306618069,0.150902487945071,0
Details,"['P/B', 'EPS next Q', 'Book/sh', 'EPS next Y', 'EPS (ttm)', 'Cash/sh']",0.106518909616711,0.0820208670021094,0.131016952231313,0.185894020658628,0
Details,"['EPS next Y', 'Prev Close', 'Cash/sh', 'P/FCF', 'Book/sh', 'PEG']",0.109620283023265,0.0765597039358077,0.142680862110723,0.142598805172522,0
Details,"['Target Price', 'P/FCF', 'Cash/sh', 'EPS next Q', 'EPS next Y', 'EPS (ttm)']",0.106409346020431,0.0685121782052183,0.144306513835643,0.162238849618353,0
Details,"['ATR', 'EPS next Q', 'EPS next Y', 'Book/sh', 'Prev Close', 'Cash/sh']",0.0998645571046461,0.0707725252496421,0.12895658895965,0.181004894963848,0
Details,"['ATR', 'Cash/sh', 'Prev Close', 'Book/sh', 'EPS next Y', 'P/FCF']",0.125752784688531,0.0917782329641154,0.159727336412946,0.164394436835927,0
Details,"['PEG', 'EPS next Y', 'Book/sh', 'Cash/sh', 'ATR', 'EPS next Q']",0.0958832705201763,0.0689912997326093,0.122775241307743,0.172413008353166,0
Details,"['EPS next Y', 'ATR', 'EPS (ttm)', 'EPS next Q', 'Cash/sh', 'Target Price']",0.130096503041191,0.0922311461386658,0.167961859943716,0.16751637201864,0
Details,"['PEG', 'P/S', 'EPS next Q', 'EPS (ttm)', 'Target Price', 'EPS next Y']",0.129973404749898,0.0879819057052737,0.171964903794522,0.167097911360773,0
Details,"['Book/sh', 'ATR', 'EPS next Q', 'P/FCF', 'Prev Close', 'EPS (ttm)']",0.0910692192127116,0.0585632858876061,0.123575152537817,0.155574109379023,0
Details,"['Target Price', 'Book/sh', 'PEG', 'Cash/sh', 'P/FCF', 'ATR']",0.0939445906825707,0.0707577331678545,0.117131448197287,0.148880905396902,0
Details,"['Book/sh', 'P/B', 'EPS next Q', 'Cash/sh', 'EPS next Y', 'PEG']",0.0963437622626786,0.0741132864670967,0.118574238058261,0.177969678133304,0
Details,"['EPS (ttm)', 'Target Price', 'ATR', 'EPS next Y', 'P/S']",0.110728685130813,0.0849572923780055,0.13650007788362,0.173704717107105,0
Details,"['Cash/sh', 'ATR', 'Book/sh', 'PEG', 'EPS next Q', 'P/FCF']",0.102489966234949,0.0693914448554952,0.135588487614402,0.160170401824152,0
Details,"['Target Price', 'EPS (ttm)', 'P/S', 'EPS next Y', 'P/B', 'ATR']",0.0948423908424181,0.0668937796127619,0.122791002072074,0.160198298319615,0
Details,"['Book/sh', 'EPS next Y', 'Prev Close', 'P/B', 'Target Price', 'EPS (ttm)']",0.0916375442237606,0.0526157315799927,0.130659356867528,0.145383830440001,0
Details,"['PEG', 'EPS next Q', 'Cash/sh', 'Target Price', 'EPS next Y', 'ATR']",0.0903071600782547,0.0679853189094621,0.112629001247047,0.170971467685917,0
Details,"['Book/sh', 'EPS (ttm)', 'PEG', 'Cash/sh', 'Prev Close', 'P/FCF']",0.0987709282794035,0.0708282394066573,0.12671361715215,0.133358723924676,0
Details,"['P/B', 'PEG', 'Cash/sh', 'P/FCF', 'Book/sh']",0.0931750824528003,0.069118938769137,0.117231226136464,0.158716309416509,0
Details,"['P/B', 'EPS next Q', 'EPS next Y', 'Book/sh', 'Cash/sh', 'ATR']",0.12281055051162,0.0948489947207926,0.150772106302448,0.183576388770764,0
Details,"['ATR', 'EPS next Y', 'P/FCF', 'Prev Close', 'Target Price']",0.0950487805067575,0.0566666490343948,0.13343091197912,0.165838552373739,0
Details,"['Book/sh', 'EPS (ttm)', 'P/FCF', 'Target Price', 'EPS next Y', 'Cash/sh']",0.119088003385797,0.0918212055399432,0.146354801231651,0.13683243818046,0
Details,"['Prev Close', 'Cash/sh', 'EPS next Y', 'Target Price', 'ATR', 'EPS next Q']",0.120019441118165,0.0741708198785803,0.165868062357749,0.176978032265332,0
Details,"['EPS next Y', 'P/FCF', 'EPS (ttm)', 'Cash/sh', 'ATR', 'PEG']",0.105033455637284,0.0753422998291597,0.134724611445409,0.157485247293004,0
Details,"['ATR', 'EPS next Q', 'Target Price', 'PEG', 'Cash/sh', 'Prev Close']",0.0963735664624897,0.0598019623896723,0.132945170535307,0.172408297573634,0
Details,"['Cash/sh', 'EPS (ttm)', 'EPS next Q', 'EPS next Y', 'ATR', 'Target Price']",0.120438969479998,0.0871392704312785,0.153738668528716,0.174354544683968,0
Details,"['EPS next Q', 'Cash/sh', 'EPS next Y', 'P/FCF', 'EPS (ttm)', 'Target Price']",0.118845505995937,0.0891146025601438,0.14857640943173,0.160751315840748,0
Details,"['EPS next Y', 'Cash/sh', 'P/S', 'Book/sh', 'P/B', 'ATR']",0.10522718394165,0.0759115885384625,0.134542779344838,0.162805440102787,0
Details,"['Prev Close', 'ATR', 'Cash/sh', 'P/FCF', 'EPS next Q', 'EPS next Y']",0.0911070980824729,0.0596782333388146,0.122535962826131,0.168612165185938,0
Details,"['EPS next Y', 'P/FCF', 'Book/sh', 'Cash/sh', 'EPS (ttm)', 'P/B']",0.0989001564367631,0.0741663299416721,0.123633982931854,0.163504632436287,0
Details,"['EPS next Q', 'EPS (ttm)', 'Prev Close', 'EPS next Y', 'ATR', 'Target Price']",0.0916433355985663,0.0469393940486502,0.136347277148483,0.177992703808364,0
Details,"['Book/sh', 'Target Price', 'ATR', 'EPS next Q', 'PEG', 'Cash/sh']",0.0911324457469225,0.0673782598689465,0.114886631624898,0.181826588093098,0
Details,"['PEG', 'ATR', 'Book/sh', 'P/FCF', 'Cash/sh', 'EPS next Y']",0.108289417789458,0.0790163329265411,0.137562502652375,0.157598239107102,0
Details,"['EPS next Y', 'EPS (ttm)', 'P/S', 'ATR', 'Cash/sh', 'Target Price']",0.092548529029978,0.0635929529044116,0.121504105155544,0.169415673846835,0
Details,"['Book/sh', 'P/B', 'EPS next Y', 'Cash/sh', 'P/FCF', 'EPS (ttm)']",0.11099580834939,0.0840005953002293,0.137991021398551,0.167030800886578,0
Details,"['P/FCF', 'EPS next Y', 'Cash/sh', 'Book/sh', 'Prev Close', 'EPS (ttm)']",0.110994770746224,0.0817241813134908,0.140265360178957,0.145725749439892,0
Details,"['EPS next Y', 'PEG', 'Target Price', 'P/FCF', 'Cash/sh']",0.105218116516571,0.0752078523314169,0.135228380701725,0.155475740386774,0
Details,"['EPS next Q', 'P/FCF', 'Target Price', 'Cash/sh', 'EPS next Y', 'P/S']",0.10737846003892,0.0740152974169101,0.140741622660929,0.154378606826771,0
Details,"['ATR', 'EPS next Q', 'Cash/sh', 'Book/sh', 'P/B']",0.101138438512144,0.0800823794092651,0.122194497615023,0.179706324514671,0
Details,"['EPS next Y', 'Cash/sh', 'Prev Close', 'P/FCF', 'Book/sh', 'ATR']",0.117606644539261,0.0802216775170891,0.154991611561433,0.154444989014013,0
Details,"['PEG', 'Target Price', 'EPS next Y', 'EPS (ttm)', 'Cash/sh', 'P/FCF']",0.113138665617948,0.0814922000747262,0.144785131161169,0.151835111192833,0
Details,"['P/FCF', 'EPS (ttm)', 'EPS next Q', 'Prev Close', 'Cash/sh', 'Book/sh']",0.090220024032643,0.0595965853575041,0.120843462707782,0.142838824191183,0
Details,"['Cash/sh', 'EPS next Q', 'Book/sh', 'Prev Close', 'ATR', 'EPS next Y']",0.108062893150615,0.075769684826571,0.140356101474658,0.170363487623317,0
Details,"['EPS (ttm)', 'ATR', 'Book/sh', 'P/FCF', 'Prev Close']",0.115956036969814,0.0755365915641136,0.156375482375514,0.156045424061908,0
Details,"['Cash/sh', 'Book/sh', 'EPS next Y', 'Prev Close', 'PEG', 'P/FCF']",0.10298913678373,0.0714080303141637,0.134570243253296,0.151736275718285,0
Details,"['Prev Close', 'Book/sh', 'Cash/sh', 'EPS next Q', 'EPS (ttm)', 'ATR']",0.115075688913368,0.083325033577807,0.146826344248929,0.170376639298659,0
Details,"['EPS next Q', 'Cash/sh', 'P/FCF', 'ATR', 'Book/sh', 'Target Price']",0.105572428274221,0.0823824792230418,0.128762377325399,0.150990761141734,0
Details,"['ATR', 'EPS next Q', 'Book/sh', 'Cash/sh', 'P/FCF', 'PEG']",0.0940993274835905,0.0647588201031496,0.123439834864031,0.169557895157107,0
Details,"['Cash/sh', 'EPS next Y', 'EPS next Q', 'ATR', 'Book/sh', 'EPS (ttm)']",0.0955166831936657,0.0710220051192847,0.120011361268047,0.163821970152244,0
Details,"['EPS (ttm)', 'Cash/sh', 'PEG', 'P/FCF', 'Book/sh', 'P/B']",0.100467368886827,0.075726545651867,0.125208192121787,0.150325072035008,0
Details,"['PEG', 'Book/sh', 'P/B', 'Cash/sh', 'EPS (ttm)', 'P/FCF']",0.0995615657703577,0.07462007820484,0.124503053335875,0.149389200468616,0
Details,"['EPS next Y', 'ATR', 'Cash/sh', 'PEG', 'Book/sh', 'P/FCF']",0.114708407172871,0.0826151981424806,0.146801616203261,0.161932372921754,0
Details,"['Cash/sh', 'EPS (ttm)', 'Target Price', 'P/FCF', 'PEG', 'P/S']",0.093827224839925,0.0691571108793816,0.118497338800468,0.130498842875052,0
Details,"['PEG', 'Target Price', 'P/S', 'EPS (ttm)', 'EPS next Y', 'ATR']",0.116233827166069,0.0809022078255751,0.151565446506564,0.1749710333267,0
Details,"['Prev Close', 'Target Price', 'EPS next Q', 'P/FCF', 'Cash/sh', 'EPS next Y']",0.0932678849614256,0.0620084915099195,0.124527278412932,0.144024863716376,0
Details,"['Cash/sh', 'EPS next Y', 'P/B', 'EPS next Q', 'Book/sh', 'ATR']",0.0947586497320058,0.0726568363088765,0.116860463155135,0.186091123615875,0
Details,"['Book/sh', 'EPS next Y', 'EPS next Q', 'Cash/sh', 'EPS (ttm)', 'P/B']",0.0981321983660671,0.076207462466577,0.120056934265557,0.183265865500667,0
Details,"['ATR', 'PEG', 'Target Price', 'EPS next Y', 'P/S', 'EPS (ttm)']",0.117628001901303,0.0837789600725416,0.151477043730064,0.165571620021346,0
Details,"['EPS (ttm)', 'PEG', 'EPS next Y', 'Prev Close', 'Target Price', 'Cash/sh']",0.106787761493453,0.0640030365997539,0.149572486387151,0.165122366889044,0
Details,"['Cash/sh', 'PEG', 'P/FCF', 'Target Price', 'EPS next Y']",0.115855499803094,0.0845219208536396,0.147189078752549,0.14583049856023,0
Details,"['P/FCF', 'Cash/sh', 'EPS (ttm)', 'Prev Close', 'Book/sh', 'PEG']",0.0925202199073616,0.0649233664763811,0.120117073338342,0.142761535794851,0
Details,"['P/S', 'PEG', 'Cash/sh', 'ATR', 'EPS next Y', 'Book/sh']",0.101505790329801,0.0717867487745893,0.131224831885014,0.172754759380172,0
Details,"['EPS (ttm)', 'ATR', 'Book/sh', 'Cash/sh', 'P/B', 'PEG']",0.0928820568040173,0.0710851959519617,0.114678917656073,0.17432486017048,0
Details,"['EPS next Q', 'Target Price', 'P/B', 'Prev Close', 'EPS next Y']",0.0936528172756499,0.0523020407653047,0.135003593785995,0.159605035444361,0
Details,"['Target Price', 'EPS (ttm)', 'Book/sh', 'EPS next Y', 'EPS next Q', 'PEG']",0.1060360631099,0.0800595830164475,0.132012543203352,0.173428510461002,0
Details,"['P/B', 'Cash/sh', 'Book/sh', 'EPS next Q', 'EPS (ttm)']",0.0904080472350034,0.0701666554275648,0.110649439042442,0.184400269801894,0
Details,"['EPS (ttm)', 'EPS next Q', 'ATR', 'Target Price', 'PEG']",0.0948533316223996,0.0700932799457541,0.119613383299045,0.161065228562166,0
Details,"['PEG', 'Cash/sh', 'Book/sh', 'Prev Close', 'EPS next Y', 'P/FCF']",0.125309406123927,0.084592366924238,0.166026445323616,0.145114472460395,0
Details,"['Cash/sh', 'P/S', 'EPS next Q', 'Target Price', 'PEG', 'ATR']",0.0935359594383298,0.0664808269676072,0.120591091909052,0.164169192479773,0
Details,"['Cash/sh', 'Book/sh', 'P/FCF', 'EPS next Y', 'ATR', 'Prev Close']",0.127145598127048,0.0880626442965341,0.166228551957563,0.155179356773442,0
Details,"['P/B', 'Cash/sh', 'Book/sh', 'EPS next Y', 'EPS (ttm)', 'EPS next Q']",0.0936384756098378,0.0701137396367398,0.117163211582936,0.180891652507873,0
Details,"['EPS next Y', 'ATR', 'P/FCF', 'Cash/sh', 'Prev Close', 'P/B']",0.111441518102355,0.0741950345123697,0.148688001692341,0.164852226102727,0
Details,"['EPS next Y', 'Cash/sh', 'Target Price', 'ATR', 'EPS next Q', 'EPS (ttm)']",0.120558286620334,0.0894137912294669,0.1517027820112,0.168277302307169,0
Details,"['Target Price', 'PEG', 'ATR', 'Cash/sh', 'EPS next Y', 'P/FCF']",0.0970061549707419,0.0700569749220459,0.123955335019438,0.148130347957609,0
Details,"['P/S', 'EPS next Y', 'Target Price', 'Cash/sh', 'ATR', 'P/FCF']",0.0932698681804733,0.0662206700761535,0.120319066284793,0.157125435173738,0
Details,"['Target Price', 'EPS next Y', 'ATR', 'Cash/sh', 'Prev Close']",0.091863965667326,0.057615871731689,0.126112059602963,0.173907226871931,0
Details,"['ATR', 'P/FCF', 'Prev Close', 'EPS next Y', 'P/B', 'Cash/sh']",0.114076099284053,0.0758080685327241,0.152344130035383,0.179837855358126,0
Details,"['EPS (ttm)', 'Target Price', 'Cash/sh', 'P/S', 'EPS next Y']",0.105333083501153,0.0724137053771428,0.138252461625163,0.171696103952673,0
Details,"['EPS (ttm)', 'ATR', 'EPS next Q', 'Prev Close', 'P/B', 'Cash/sh']",0.105273948629487,0.0712300997671087,0.139317797491866,0.169370809997703,0
Details,"['Target Price', 'PEG', 'EPS next Q', 'EPS next Y', 'P/B', 'EPS (ttm)']",0.105100787963897,0.070494768374436,0.139706807553358,0.172107322038601,0
Details,"['Book/sh', 'Target Price', 'Cash/sh', 'ATR', 'P/FCF', 'EPS (ttm)']",0.120432186237112,0.0931031469460492,0.147761225528175,0.146404548508375,0
Details,"['Cash/sh', 'EPS next Q', 'PEG', 'ATR', 'EPS (ttm)', 'Book/sh']",0.106890683436807,0.0779399804686834,0.135841386404931,0.177713426872577,0
